,band,telescope,obsmjd,mag,mag_err,alert,Unnamed: 0
0,J,P200,59031.0,18.9602,0.1304,True,
1,H,P200,59031.0,17.6649,0.195,True,
2,Ks,P200,59031.0,17.1745,0.1335,True,
3,J,P200,59121.0,19.5925,0.2223,True,
4,H,P200,59121.0,17.7508,0.0693,True,
5,Ks,P200,59121.0,17.5015,0.1999,True,
6,J,P200,59249.0,21.9936,1.5578,True,
7,H,P200,59249.0,18.2555,0.1058,True,
8,Ks,P200,59249.0,17.8712,0.3135,True,
9,J,P200,59362.0,21.4416,1.1636,True,
10,H,P200,59362.0,18.4245,0.0942,True,
11,Ks,P200,59362.0,17.9927,0.31,True,
12,J,P200_sextractor,59031.0,18.0348,0.0,True,
13,H,P200_sextractor,59031.0,18.02,0.0,True,
14,Ks,P200_sextractor,59031.0,17.32,0.0,True,
15,J,P200_sextractor,59121.0,20.46,0.0,True,
16,H,P200_sextractor,59121.0,18.71,0.0,True,
17,Ks,P200_sextractor,59121.0,17.76,0.0,True,
18,H,P200_sextractor,59249.0,21.1,0.0,True,
19,Ks,P200_sextractor,59249.0,18.3,0.0,True,
20,UVW1,Swift,58659.78854484481,19.107174759482117,0.0973,True,0.0
21,U,Swift,58659.7905128747,18.472754069491018,0.1006,True,1.0
22,B,Swift,58659.7915243534,18.4764188950076,0.1191,True,2.0
23,UVW2,Swift,58659.7944571436,19.525675181543008,0.0996,True,3.0
24,V,Swift,58659.79738176151,18.37823259102435,0.1709,True,4.0
25,UVM2,Swift,58659.8016044712,19.42603682470462,0.0883,True,5.0
26,UVW1,Swift,58672.45259553661,19.33622783867057,0.099,True,6.0
27,U,Swift,58672.4536191868,18.721011808099945,0.1037,True,7.0
28,B,Swift,58672.4541145829,18.53768109500812,0.1145,True,8.0
29,UVW2,Swift,58672.455332737,19.96153284290883,0.1063,True,9.0
30,V,Swift,58672.4568844326,18.866203448314977,0.1903,True,10.0
31,UVM2,Swift,58672.4587656469,19.795192302045614,0.0902,True,11.0
32,UVW1,Swift,58678.267107131,19.589538710709004,0.1235,True,12.0
33,U,Swift,58678.26796510071,18.746748793301748,0.1214,True,13.0
34,B,Swift,58678.2684087162,18.159627912455186,0.1145,True,14.0
35,UVW2,Swift,58678.2696153778,20.234861802357543,0.1286,True,15.0
36,V,Swift,58678.27088990901,18.55046663980956,0.2022,True,16.0
37,UVM2,Swift,58678.2726693503,20.036049319110116,0.1063,True,17.0
38,U,Swift,58683.7623978765,18.85716904342988,0.1905,True,18.0
39,B,Swift,58683.7627717699,18.400963415200906,0.1923,True,19.0
40,UVW2,Swift,58683.7637992092,19.97057608606911,0.1717,True,20.0
41,V,Swift,58683.764813688605,18.59308706836853,0.3139,True,21.0
42,UVM2,Swift,58683.7660620427,19.5657182078221,0.1544,True,22.0
43,UVW1,Swift,58683.830723323896,19.34154533287071,0.106,True,23.0
44,UVW1,Swift,58688.4083206081,19.43353463375501,0.1531,True,24.0
45,U,Swift,58688.4092884474,18.57097955956196,0.148,True,25.0
46,B,Swift,58688.4098027423,18.492517187147957,0.1764,True,26.0
47,UVW2,Swift,58688.4112475566,19.76528024867304,0.1387,True,27.0
48,V,Swift,58688.412679154,18.9154023666188,0.3,True,28.0
49,UVM2,Swift,58688.4146820628,19.763228951865862,0.1321,True,29.0
50,UVW1,Swift,58693.6874959753,19.134972010487893,0.0878,True,30.0
51,U,Swift,58693.6892163963,18.71952056029371,0.0987,True,31.0
52,B,Swift,58693.6899205749,18.399667493209915,0.1039,True,32.0
53,UVW2,Swift,58693.6912134308,19.82391174771797,0.0973,True,33.0
54,V,Swift,58693.6939606131,18.36934006549977,0.1491,True,34.0
55,UVM2,Swift,58693.695510137804,19.539740970973035,0.083,True,35.0
56,UVW1,Swift,58705.7479276159,19.051280317681137,0.1044,True,36.0
57,U,Swift,58705.7495035445,18.54214048843552,0.1138,True,37.0
58,B,Swift,58705.7503166473,18.33679780914536,0.1248,True,38.0
59,UVW2,Swift,58705.7526763384,19.807604683914423,0.1155,True,39.0
60,V,Swift,58705.7550273459,18.11510888890957,0.1724,True,40.0
61,UVM2,Swift,58705.7585004806,19.580827770270048,0.0993,True,41.0
62,UVW1,Swift,58707.269841593705,19.179619984228594,0.0973,True,42.0
63,U,Swift,58707.2719360432,18.588256933808903,0.1027,True,43.0
64,B,Swift,58707.273011561,18.31766691348414,0.1083,True,44.0
65,UVW2,Swift,58707.2761364686,19.81255274696645,0.1047,True,45.0
66,V,Swift,58707.27925218269,18.637629038866415,0.1825,True,46.0
67,UVM2,Swift,58707.2838713867,19.672214768769752,0.0915,True,47.0
68,UVW1,Swift,58712.4132152265,19.399115724239078,0.1119,True,48.0
69,U,Swift,58712.41413551151,18.74099705589742,0.1234,True,49.0
70,B,Swift,58712.4146585539,18.681789482634645,0.1563,True,50.0
71,UVW2,Swift,58712.4162941459,19.9439831344073,0.1119999999999999,True,51.0
72,V,Swift,58712.4176216079,18.47630478324124,0.1842,True,52.0
73,UVM2,Swift,58712.4198647114,19.629000358450416,0.0968,True,53.0
74,UVW1,Swift,58719.5551929413,19.563300269466115,0.178,True,54.0
75,U,Swift,58719.555949955706,18.35068060058336,0.1507,True,55.0
76,B,Swift,58719.556357879694,18.411457236457217,0.1913,True,56.0
77,UVW2,Swift,58719.5574835171,20.209206581554817,0.1797,True,57.0
78,V,Swift,58719.5585980457,18.007005152793838,0.2399,True,58.0
79,UVM2,Swift,58719.5601840913,19.63404113527469,0.1408,True,59.0
80,UVW1,Swift,58724.333813217,19.68233051312155,0.1195,True,60.0
81,U,Swift,58724.334907352,18.607717797956223,0.1117,True,61.0
82,B,Swift,58724.3354655742,18.33843317234633,0.1238,True,62.0
83,UVW2,Swift,58724.337002968,19.83662438739525,0.1062,True,63.0
84,V,Swift,58724.3386210641,18.27604741407497,0.1628,True,64.0
85,UVM2,Swift,58724.3408333301,19.83738530366514,0.0948,True,65.0
86,UVW1,Swift,58729.5793039976,19.736571506729454,0.1257,True,66.0
87,U,Swift,58729.5803761119,18.8782022235551,0.1296,True,67.0
88,B,Swift,58729.5809004307,18.6862221457277,0.2123,True,68.0
89,UVW2,Swift,58729.91464638901,20.23838903294656,0.1736,True,69.0
90,V,Swift,58729.9158867621,18.69241112584437,0.3089,True,70.0
91,UVM2,Swift,58729.9180046604,19.99287818097615,0.1383,True,71.0
92,UVW1,Swift,58734.4289056035,19.758957490383885,0.1241,True,72.0
93,U,Swift,58734.4309645537,18.64346505641574,0.1062,True,73.0
94,B,Swift,58734.4320231518,18.48154232232961,0.1186,True,74.0
95,UVW2,Swift,58734.4350946192,20.34805296866105,0.1214,True,75.0
96,V,Swift,58734.4381589987,18.338546795646348,0.1655,True,76.0
97,UVM2,Swift,58734.4428347708,20.086388186303385,0.1023,True,77.0
98,UVW1,Swift,58750.42808533231,19.74895406300002,0.1001,True,78.0
99,U,Swift,58750.4289073576,18.94225387633364,0.1075,True,79.0
100,UVW2,Swift,58750.4307380049,20.54591237081481,0.1097,True,80.0
101,UVM2,Swift,58750.4339967384,20.16453131104846,0.086,True,81.0
102,V,Swift,58750.4319328545,18.60072901342581,0.156,True,82.0
103,B,Swift,58750.4293696163,18.677729187637265,0.123,True,83.0
104,UVM2,Swift,59007.6898168516,21.333854721719987,0.1558,True,84.0
105,UVW1,Swift,59007.692830919805,21.08025111207718,0.1485,True,85.0
106,U,Swift,59007.6947196033,20.04042313065948,0.1238,True,86.0
107,UVW2,Swift,59007.6970416876,21.40716227690154,0.1257,True,87.0
108,ZTF_g,P48,58599.25238430001,21.462760962217207,0.1718607944331312,False,
109,ZTF_g,P48,58600.39372690001,21.340183217251724,0.1828703247254838,False,
110,ZTF_g,P48,58600.39875,21.139637630456196,0.141410921153577,False,
111,ZTF_g,P48,58600.3997106,21.4076547801918,0.182376276704168,False,
112,ZTF_r,P48,58600.46958330001,21.13726917576204,0.1662230539545631,False,
113,ZTF_r,P48,58605.3794097,20.67266686758653,0.1401292459258041,False,
114,ZTF_r,P48,58605.4004282,20.50931304577617,0.1020220982214979,False,
115,ZTF_r,P48,58605.4013426,20.56087409324804,0.1067599333279706,False,
116,ZTF_r,P48,58605.41973380001,20.64456831293026,0.1576198422314805,False,
117,ZTF_g,P48,58605.48425930001,20.4249415397246,0.1018534842818714,False,
118,ZTF_r,P48,58606.3095255,20.511385541348048,0.147023007154454,False,
119,ZTF_r,P48,58607.36155090001,20.146499254208287,0.0623067251014318,False,
120,ZTF_r,P48,58607.3783449,20.183548898601693,0.0735081658075203,False,
121,ZTF_g,P48,58607.4166204,20.306573263550437,0.0700362815427441,False,
122,ZTF_g,P48,58607.4359954,20.2603722568902,0.0627093367259531,False,
123,ZTF_g,P48,58608.31751159999,20.191536463841565,0.0870246905699243,False,
124,ZTF_r,P48,58608.3406019,20.07034785805816,0.1118838375359167,False,
125,ZTF_r,P48,58608.3577431,19.979936827150578,0.1011749969920703,False,
126,ZTF_r,P48,58608.3591319,20.040288733726488,0.0926929363163668,False,
127,ZTF_r,P48,58608.3795718,20.192348252805065,0.154478143349517,False,
128,ZTF_g,P48,58608.4022685,20.24323806778988,0.0848672407905785,False,
129,ZTF_g,P48,58608.40317130001,20.19414147515162,0.0694451569377787,False,
130,ZTF_r,P48,58608.4945255,20.489800444352667,0.1339322057420583,False,
131,ZTF_r,P48,58612.4211574,19.7088161870094,0.0388572705948883,False,
132,ZTF_r,P48,58612.4220602,19.83449100624797,0.0482234121968315,False,
133,ZTF_r,P48,58612.4616551,19.803575778113053,0.0426263015108726,False,
134,ZTF_i,P48,58616.31910880001,19.344046707154373,0.0643530222613009,False,
135,ZTF_r,P48,58616.3771065,19.351223379423143,0.0368929507536054,False,
136,ZTF_r,P48,58616.3966204,19.366435894408543,0.0323095907117512,False,
137,ZTF_g,P48,58616.4556597,19.417907050675915,0.0278755845863312,False,
138,ZTF_g,P48,58616.4565741,19.433285204341388,0.0309131355211243,False,
139,ZTF_g,P48,58616.46307869999,19.44513841130085,0.0286458889831625,False,
140,ZTF_g,P48,58616.4843866,19.40458602101448,0.0441976128688286,False,
141,ZTF_r,P48,58617.3178704,19.23011967791495,0.0421587517234991,False,
142,ZTF_r,P48,58617.3378704,19.19835529581076,0.0423102653289044,False,
143,ZTF_r,P48,58617.3586574,19.32312561306872,0.0503952271057523,False,
144,ZTF_g,P48,58617.4154398,19.380259510471877,0.0410115518644453,False,
145,ZTF_g,P48,58617.420196800005,19.303935986694214,0.035383520967893,False,
146,ZTF_g,P48,58617.44291669999,19.398443147688003,0.027358460157137,False,
147,ZTF_r,P48,58618.233912,19.49506683519092,0.0931310197293078,False,
148,ZTF_r,P48,58618.3364931,19.14371578390381,0.0767066107427574,False,
149,ZTF_r,P48,58618.3566898,19.25111670217773,0.0545728751719647,False,
150,ZTF_g,P48,58618.4196181,19.090786845560213,0.092078427219258,False,
151,ZTF_g,P48,58618.44123840001,19.08699658143105,0.1546446785075675,False,
152,ZTF_r,P48,58619.3503935,19.15825565400571,0.1046488071361311,False,
153,ZTF_r,P48,58627.3956019,18.75832017726388,0.0252535078829458,False,
154,ZTF_i,P48,58627.453912,18.849784350498883,0.0385754955434044,False,
155,ZTF_r,P48,58628.35960650001,18.758377559001,0.0245299020056096,False,
156,ZTF_r,P48,58628.37633099999,18.73426168620701,0.023916118897978,False,
157,ZTF_r,P48,58628.3772454,18.770092891529096,0.0245568575956306,False,
158,ZTF_r,P48,58632.27392359999,18.64798554878506,0.0216146418536868,False,
159,ZTF_r,P48,58632.30057869999,18.68011807256221,0.0217794192345819,False,
160,ZTF_r,P48,58632.3015509,18.657773764526087,0.0246897474262597,False,
161,ZTF_r,P48,58632.33052080001,18.666701730635392,0.021158626374171,False,
162,ZTF_g,P48,58632.3366551,18.64375928585301,0.0157073185859504,False,
163,ZTF_g,P48,58632.3375579,18.63312859657419,0.0156097883309103,False,
164,ZTF_g,P48,58632.425138900006,18.65820231424745,0.0191283563356034,False,
165,ZTF_g,P48,58632.4390046,18.757560927705597,0.0237760479291936,False,
166,ZTF_i,P48,58633.2830556,18.57113618521725,0.0344394435039821,False,
167,ZTF_r,P48,58633.35364580001,18.65546681242064,0.0189509154211077,False,
168,ZTF_r,P48,58633.3540972,18.66732687783373,0.019473113751565,False,
169,ZTF_r,P48,58634.3540625,18.6533891120764,0.017671619433456,False,
170,ZTF_r,P48,58634.354513900005,18.605160170838456,0.0175548635831595,False,
171,ZTF_r,P48,58635.2856944,18.574881777748946,0.0139019559082139,False,
172,ZTF_r,P48,58635.28660880001,18.52567272050646,0.013351727885686,False,
173,ZTF_r,P48,58635.358125,18.578888730920863,0.0164685534363165,False,
174,ZTF_r,P48,58635.3790972,18.58259855497413,0.0137510015251542,False,
175,ZTF_g,P48,58635.4200694,18.61092361446337,0.0141806474867232,False,
176,ZTF_g,P48,58635.4209838,18.588665808183425,0.0131428391080972,False,
177,ZTF_g,P48,58635.4428125,18.610589065434628,0.0153631968359827,False,
178,ZTF_g,P48,58635.475162,18.573199005933443,0.0281502314094897,False,
179,ZTF_i,P48,58636.29833330001,18.4783662942659,0.0262374408671451,False,
180,ZTF_g,P48,58637.2663079,18.560999068859537,0.0149088621153359,False,
181,ZTF_r,P48,58637.315706,18.508104933344303,0.0161917370717831,False,
182,ZTF_r,P48,58637.33469909999,18.51976786927452,0.0150191095435481,False,
183,ZTF_g,P48,58637.4413426,18.51819647471104,0.0144383158855504,False,
184,ZTF_r,P48,58638.268171300006,18.49022492923146,0.0151924446033279,False,
185,ZTF_r,P48,58638.288287,18.46495803361818,0.0140869620291978,False,
186,ZTF_r,P48,58638.2892014,18.47568518153956,0.0155304597840679,False,
187,ZTF_r,P48,58638.310625,18.52947172021932,0.0152714074020278,False,
188,ZTF_g,P48,58638.3517014,18.528633538486645,0.0146210562334604,False,
189,ZTF_g,P48,58638.3525926,18.58616082227711,0.0149915371484993,False,
190,ZTF_g,P48,58638.3578819,18.538046861928457,0.0140186321792943,False,
191,ZTF_g,P48,58639.2565046,18.47307573139315,0.0144998226346905,False,
192,ZTF_r,P48,58639.2975,18.451649213869626,0.0170572699262323,False,
193,ZTF_r,P48,58639.3164583,18.426642589715502,0.0193872325107676,False,
194,ZTF_g,P48,58639.4313542,18.495875915300463,0.0128053670509183,False,
195,ZTF_g,P48,58639.4554977,18.486691405716115,0.0130016869858589,False,
196,ZTF_r,P48,58640.2553935,18.39458754021892,0.0149231423344774,False,
197,ZTF_r,P48,58640.279884300006,18.403167102178145,0.0137659831176529,False,
198,ZTF_i,P48,58640.29802080001,18.35629621571569,0.0231717344352568,False,
199,ZTF_g,P48,58640.33502309999,18.46163087207675,0.0117302088288742,False,
200,ZTF_g,P48,58640.3577546,18.47125599805701,0.0142884247603228,False,
201,ZTF_g,P48,58641.1954977,18.44909963607836,0.0200128585816736,False,
202,ZTF_g,P48,58641.21123840001,18.533622149818477,0.0205726768190648,False,
203,ZTF_g,P48,58641.2121528,18.46953979197951,0.0179711508281599,False,
204,ZTF_g,P48,58641.2345023,18.36531309661028,0.029954156896084,False,
205,ZTF_r,P48,58641.29420140001,18.4065036100732,0.0126945999292837,False,
206,ZTF_r,P48,58641.33263890001,18.4342488834306,0.0126540515370269,False,
207,ZTF_r,P48,58641.3335995,18.39441310474042,0.0115576085330088,False,
208,ZTF_r,P48,58642.24497690001,18.35981225797664,0.0134219071020527,False,
209,ZTF_r,P48,58642.2711111,18.41716479540823,0.013584953049959,False,
210,ZTF_r,P48,58642.2783102,18.38921980478656,0.0130672075290004,False,
211,ZTF_g,P48,58642.3871181,18.402824984392407,0.0109986020110361,False,
212,ZTF_g,P48,58642.4169444,18.445902423256385,0.0111054322674091,False,
213,ZTF_r,P48,58643.25576390001,18.34565024566123,0.0159945666935654,False,
214,ZTF_r,P48,58643.2781019,18.341376535761608,0.0179768169984824,False,
215,ZTF_r,P48,58643.29480319999,18.348451316212795,0.019645375964308,False,
216,ZTF_g,P48,58643.333287,18.440890981478077,0.0156751018639545,False,
217,ZTF_g,P48,58643.353287,18.463142705031235,0.014930227939075,False,
218,ZTF_g,P48,58643.4266782,18.480726135043795,0.0182254169025684,False,
219,ZTF_g,P48,58644.2139931,18.437186005590704,0.0188749436373761,False,
220,ZTF_i,P48,58644.2364699,18.31632422998125,0.0288796287549203,False,
221,ZTF_r,P48,58644.2768056,18.30562420593101,0.0159941362569917,False,
222,ZTF_r,P48,58644.2964352,18.36462721263172,0.0208218126001109,False,
223,ZTF_r,P48,58644.29739580001,18.2715835724291,0.0161000018406433,False,
224,ZTF_r,P48,58644.3137153,18.32606083067433,0.0161172379640014,False,
225,ZTF_g,P48,58644.3404167,18.38494076716656,0.0142062630857067,False,
226,ZTF_g,P48,58644.341331,18.369954939356,0.0146553173735628,False,
227,ZTF_g,P48,58645.248425900005,18.36698547494878,0.0214775097152017,False,
228,ZTF_r,P48,58645.3146065,18.31617909332737,0.0182933269299643,False,
229,ZTF_g,P48,58645.407963,18.340490761237184,0.0129455743796248,False,
230,ZTF_r,P48,58646.246076400006,18.382708418238032,0.0339948515860896,False,
231,ZTF_r,P48,58646.2465394,18.302828785819685,0.0365648062160919,False,
232,ZTF_r,P48,58646.2513079,18.29933213274648,0.0191242346371314,False,
233,ZTF_r,P48,58646.276713,18.33086790627446,0.0238522533110098,False,
234,ZTF_r,P48,58646.3086574,18.264281329117992,0.0366803963965493,False,
235,ZTF_g,P48,58646.3185301,18.368388749720346,0.0257077441169758,False,
236,ZTF_g,P48,58647.2163773,18.36966679313608,0.0281132387969029,False,
237,ZTF_r,P48,58647.2551273,18.2851883200737,0.0215383080152626,False,
238,ZTF_r,P48,58647.2741319,18.277764331205915,0.0239568311354207,False,
239,ZTF_r,P48,58647.2750347,18.255896290105497,0.0201223103554031,False,
240,ZTF_g,P48,58647.3385995,18.34028843819007,0.0236027361748133,False,
241,ZTF_g,P48,58647.3695602,18.397708759780613,0.0262414591129838,False,
242,ZTF_g,P48,58647.37048609999,18.339213871866026,0.0222209716764888,False,
243,ZTF_i,P48,58648.3070949,18.23198478439683,0.0305599381379142,False,
244,ZTF_g,P48,58650.2134028,18.33485545963573,0.0385941284003414,False,
245,ZTF_r,P48,58650.29376159999,18.195738538596668,0.0287565568601531,False,
246,ZTF_r,P48,58651.35144680001,18.2892790270702,0.0387935639584215,False,
247,ZTF_i,P48,58652.2564236,18.19372702370071,0.0357169728540602,False,
248,ZTF_r,P48,58653.225289400005,18.187376446582142,0.0224260769249635,False,
249,ZTF_r,P48,58654.2123264,18.212500568262268,0.013716284767144,False,
250,ZTF_g,P48,58654.2754745,18.327612611733816,0.0290231240471798,False,
251,ZTF_g,P48,58654.2979167,18.309898699137,0.0330884315466047,False,
252,ZTF_r,P48,58654.3430324,18.24646480362379,0.0230032378799222,False,
253,ZTF_r,P48,58654.35063659999,18.29006484139088,0.0306987970162978,False,
254,ZTF_r,P48,58654.351088,18.309183419006565,0.0273845663800444,False,
255,ZTF_r,P48,58654.35854169999,18.27919043888423,0.0271291409882089,False,
256,ZTF_r,P48,58655.1927546,18.24592186397488,0.0166073509931824,False,
257,ZTF_r,P48,58655.2106597,18.294338479455288,0.0202575858277222,False,
258,ZTF_g,P48,58655.272789400005,18.363170256371525,0.0359391878061691,False,
259,ZTF_r,P48,58655.31682869999,18.35194034953125,0.0344702601148095,False,
260,ZTF_r,P48,58655.3172801,18.32563422847722,0.0284105202206096,False,
261,ZTF_g,P48,58657.215544000006,18.27821870369771,0.0118502057430762,False,
262,ZTF_g,P48,58657.2350694,18.30604688151758,0.0134701541470334,False,
263,ZTF_g,P48,58657.2373727,18.30440410798548,0.0136366739239777,False,
264,ZTF_r,P48,58657.3428588,18.23827776067136,0.0165246007468198,False,
265,ZTF_r,P48,58657.3437731,18.157746335162187,0.0181004930857072,False,
266,ZTF_g,P48,58658.21689809999,18.286253176633878,0.0126022015156815,False,
267,ZTF_i,P48,58659.1799653,18.16352434733054,0.0253212018664745,False,
268,ZTF_g,P48,58660.17302080001,18.258154192611627,0.0253697529597471,False,
269,ZTF_g,P48,58660.20342590001,18.31290470988715,0.011600127997953,False,
270,ZTF_r,P48,58660.2474884,18.133369946401103,0.0108346308006603,False,
271,ZTF_r,P48,58661.3060995,18.167139558405356,0.0126431026313506,False,
272,ZTF_r,P48,58661.3159028,18.208518390957707,0.0123171198985194,False,
273,ZTF_i,P48,58663.1844676,18.08122560712332,0.0224774359861409,False,
274,ZTF_r,P48,58663.30251159999,18.16362824912205,0.0128812578181481,False,
275,ZTF_r,P48,58663.3039005,18.103743542832166,0.0109648693611823,False,
276,ZTF_r,P48,58663.31723380001,18.14382846295998,0.0129394778393875,False,
277,ZTF_g,P48,58665.2132523,18.286014629291607,0.0116475864171059,False,
278,ZTF_g,P48,58666.21280090001,18.24130289766812,0.0116215030418063,False,
279,ZTF_g,P48,58666.2137153,18.278496857387708,0.0108585941984014,False,
280,ZTF_g,P48,58666.2345949,18.30793218713373,0.0123650935561812,False,
281,ZTF_r,P48,58666.252963,18.164266175661265,0.0118799553541874,False,
282,ZTF_r,P48,58666.2538542,18.189247020450903,0.0123647250786258,False,
283,ZTF_i,P48,58667.18030090001,18.078370299236923,0.021729311283496,False,
284,ZTF_g,P48,58667.3191319,18.27993480229168,0.0117768701922112,False,
285,ZTF_r,P48,58668.3209722,18.14098082132578,0.0123196231457576,False,
286,ZTF_r,P48,58669.3280903,18.13708778929402,0.0101784823672168,False,
287,ZTF_g,P48,58670.282338,18.302916337796383,0.011946973468039,False,
288,ZTF_r,P48,58670.3125926,18.173915376463317,0.012101166910388,False,
289,ZTF_i,P48,58671.18214119999,17.977394448333214,0.0186328737817917,False,
290,ZTF_r,P48,58671.1915509,18.069275112072148,0.0136504400082116,False,
291,ZTF_g,P48,58671.2839005,18.278937950952407,0.0126446059089694,False,
292,ZTF_r,P48,58672.2065278,18.140319163497352,0.0130480664090193,False,
293,ZTF_r,P48,58672.2290625,18.166826418925627,0.013331590873698,False,
294,ZTF_g,P48,58672.3012847,18.278504106663384,0.0099021051132857,False,
295,ZTF_g,P48,58672.3310069,18.300747136234424,0.0111540462742291,False,
296,ZTF_g,P48,58673.3099306,18.307090940275405,0.0135475173404196,False,
297,ZTF_g,P48,58673.31939809999,18.27835653143218,0.0119738605298933,False,
298,ZTF_g,P48,58674.1918519,18.245777211475577,0.0176609905276672,False,
299,ZTF_r,P48,58674.2112037,18.17147259067639,0.0214334621254705,False,
300,ZTF_r,P48,58674.2284606,18.163358215986083,0.0178900565252393,False,
301,ZTF_r,P48,58674.228912,18.207466118223564,0.0172125809459163,False,
302,ZTF_g,P48,58674.3544676,18.269103599251967,0.0126713514234781,False,
303,ZTF_i,P48,58675.2184954,17.977296702238373,0.0191638967356726,False,
304,ZTF_r,P48,58675.23285880001,18.0981192796174,0.0163166393330356,False,
305,ZTF_r,P48,58675.2452778,18.15594288312728,0.0180391417314734,False,
306,ZTF_g,P48,58675.297164400006,18.230404745782277,0.0199789657127609,False,
307,ZTF_g,P48,58675.3100579,18.29469194018411,0.0202298815324968,False,
308,ZTF_g,P48,58675.3543056,18.300389199880527,0.0158732424302025,False,
309,ZTF_r,P48,58677.236169,18.22150645795997,0.0251572134559616,False,
310,ZTF_r,P48,58677.2366204,18.20274184921098,0.0254043929466866,False,
311,ZTF_r,P48,58678.21329859999,18.144273279471296,0.0205174435408018,False,
312,ZTF_r,P48,58678.23017359999,18.16257969975892,0.0229558667987928,False,
313,ZTF_g,P48,58678.2869676,18.35964095792246,0.0332580031348734,False,
314,ZTF_i,P48,58679.2546528,18.012064013744308,0.0197739718254652,False,
315,ZTF_g,P48,58681.1856019,18.22531545408908,0.0316166736502851,False,
316,ZTF_g,P48,58681.186539400005,18.32087569816227,0.0348001816353085,False,
317,ZTF_g,P48,58681.1906944,18.29288190809209,0.0370754347630251,False,
318,ZTF_g,P48,58681.2098727,18.2683688068358,0.0345505400082532,False,
319,ZTF_r,P48,58681.2686806,18.111745356409777,0.0269302868787285,False,
320,ZTF_r,P48,58681.2790278,18.126956394093888,0.0263498781723931,False,
321,ZTF_g,P48,58682.1877662,18.28819979308706,0.0206243019477964,False,
322,ZTF_g,P48,58682.1926852,18.29834590875104,0.0243570725721752,False,
323,ZTF_r,P48,58682.2822917,18.100183532675373,0.0180600002863643,False,
324,ZTF_r,P48,58682.28929400001,18.238814458965248,0.0250549933354947,False,
325,ZTF_r,P48,58682.2897454,18.2329543944592,0.0272920225837792,False,
326,ZTF_r,P48,58684.17289349999,18.10046687482011,0.0127627138304111,False,
327,ZTF_g,P48,58684.1913657,18.275509365534447,0.0116594476405064,False,
328,ZTF_g,P48,58684.2111806,18.297745736353868,0.0139859132658415,False,
329,ZTF_g,P48,58684.21208330001,18.3019642397526,0.0142752039161512,False,
330,ZTF_g,P48,58685.16888890001,18.25727974459521,0.0170941659498924,False,
331,ZTF_g,P48,58685.2061921,18.28065423666028,0.0122373900079758,False,
332,ZTF_g,P48,58685.291412,18.244642176896825,0.0188491723200097,False,
333,ZTF_i,P48,58685.3056481,17.939609182896486,0.0200353430838659,False,
334,ZTF_r,P48,58685.32341440001,18.10883032558504,0.016828005814897,False,
335,ZTF_g,P48,58686.2085648,18.24941740675462,0.0105078970893431,False,
336,ZTF_g,P48,58686.28563659999,18.28311807284863,0.0163281196896726,False,
337,ZTF_r,P48,58686.3058796,18.12098049577854,0.0156688194631486,False,
338,ZTF_g,P48,58690.1909954,18.24348479684427,0.0120044773566014,False,
339,ZTF_g,P48,58690.276331,18.229650052273776,0.0116366800834821,False,
340,ZTF_i,P48,58690.3285995,17.965531371131533,0.0162301965975087,False,
341,ZTF_r,P48,58691.186851900005,18.10639669193208,0.0110573502316107,False,
342,ZTF_r,P48,58691.1911343,18.081594763117927,0.0120475114547479,False,
343,ZTF_g,P48,58691.2265741,18.244963202702635,0.0115444346895792,False,
344,ZTF_g,P48,58691.2275231,18.23200634337185,0.0107309868365145,False,
345,ZTF_g,P48,58691.3104745,18.26115208510768,0.0121013615629076,False,
346,ZTF_g,P48,58693.28804400001,18.24394627199577,0.0136016649763645,False,
347,ZTF_r,P48,58694.2087269,18.07807715897596,0.0127781136900076,False,
348,ZTF_g,P48,58694.2278125,18.244663411212056,0.0112401088157055,False,
349,ZTF_r,P48,58695.23377309999,18.19698076531218,0.0143244337091798,False,
350,ZTF_r,P48,58695.234213,18.19825213283525,0.0156517841990418,False,
351,ZTF_g,P48,58696.2603819,18.203529063784785,0.0114644223249474,False,
352,ZTF_r,P48,58696.3477778,18.06951637266981,0.0134120922925475,False,
353,ZTF_r,P48,58697.15767359999,17.988253989319297,0.0154540432793417,False,
354,ZTF_r,P48,58697.1680324,18.026871728798778,0.0111341617943292,False,
355,ZTF_g,P48,58697.2055556,18.22075548415223,0.0115539006564169,False,
356,ZTF_g,P48,58697.2069676,18.207174266288444,0.011234471932065,False,
357,ZTF_r,P48,58698.1588773,18.0720958987861,0.0369795368424631,False,
358,ZTF_g,P48,58698.1931134,18.19255989741682,0.0160187042626099,False,
359,ZTF_g,P48,58699.180787,18.18031031820845,0.0133194210546658,False,
360,ZTF_r,P48,58700.1730556,18.008252270397925,0.0101788624917867,False,
361,ZTF_r,P48,58700.17401619999,18.018376078984744,0.01144588981624,False,
362,ZTF_g,P48,58700.25699069999,18.196453805074263,0.0131772588860076,False,
363,ZTF_r,P48,58702.1704051,18.06853032608036,0.0793727878745033,False,
364,ZTF_i,P48,58703.16366900001,17.905799339196456,0.0224705042442339,False,
365,ZTF_r,P48,58703.1685532,18.149315998735062,0.031078053665889,False,
366,ZTF_g,P48,58703.1986458,18.188387162973783,0.0206938432167412,False,
367,ZTF_g,P48,58705.25407409999,18.11419613726172,0.0200327857550763,False,
368,ZTF_g,P48,58708.1516782,18.115381763298934,0.0267205710579981,False,
369,ZTF_g,P48,58708.17195599999,18.230762352539028,0.024645966388261,False,
370,ZTF_g,P48,58708.1728819,18.144664236663527,0.0261632049355602,False,
371,ZTF_g,P48,58708.3500347,18.222746999778646,0.0568351651654185,False,
372,ZTF_g,P48,58709.1699769,18.208541028100196,0.0248490492606178,False,
373,ZTF_r,P48,58709.2565972,18.011365465889014,0.0213245847362902,False,
374,ZTF_i,P48,58710.232708300005,17.83976668274986,0.0286147564013396,False,
375,ZTF_g,P48,58711.1488079,18.162032643267068,0.0237514831919622,False,
376,ZTF_g,P48,58711.2210532,18.208965530648733,0.0252493240151633,False,
377,ZTF_g,P48,58711.2402199,18.25520012536212,0.0284342287751328,False,
378,ZTF_r,P48,58711.2843171,18.09022062185502,0.0285464320933709,False,
379,ZTF_r,P48,58711.31094909999,18.056795603174297,0.0313686125277438,False,
380,ZTF_g,P48,58712.1475463,18.22851101183019,0.0200513127532069,False,
381,ZTF_g,P48,58712.17310190001,18.233586818007183,0.0226631581792287,False,
382,ZTF_g,P48,58712.1903935,18.19735646405161,0.0281581006070808,False,
383,ZTF_g,P48,58713.2279167,18.544089292969996,0.1862407337158574,False,
384,ZTF_r,P48,58713.23614580001,18.03383998902469,0.0395241034942158,False,
385,ZTF_r,P48,58714.1457407,18.022914582289257,0.014646712554055,False,
386,ZTF_g,P48,58714.149838,18.23214781076882,0.0183704766711828,False,
387,ZTF_g,P48,58716.185509300005,18.260890486532915,0.012377749671159,False,
388,ZTF_g,P48,58716.2646412,18.26417310146532,0.0298538134115308,False,
389,ZTF_g,P48,58718.1508796,18.30338596350289,0.0150113630662129,False,
390,ZTF_g,P48,58718.1743981,18.25522732520656,0.0120011151766406,False,
391,ZTF_g,P48,58718.1753241,18.259698239682635,0.012975274749883,False,
392,ZTF_g,P48,58718.2672106,18.25261695616396,0.0136373059223778,False,
393,ZTF_i,P48,58719.163125,17.95153080003359,0.0184488330474169,False,
394,ZTF_r,P48,58724.1643287,18.13918926627442,0.0121095848293423,False,
395,ZTF_g,P48,58724.1846528,18.37992721446122,0.0126806760548193,False,
396,ZTF_g,P48,58725.16570599999,18.372594660345705,0.0240892388109561,False,
397,ZTF_g,P48,58725.1723264,18.394108838533445,0.0207044989278867,False,
398,ZTF_i,P48,58725.2294097,17.933547298830646,0.0185506324967212,False,
399,ZTF_r,P48,58725.2375347,18.170751587062256,0.0156239997665842,False,
400,ZTF_g,P48,58727.14925930001,18.412225453517603,0.016714546465714,False,
401,ZTF_g,P48,58727.151076400005,18.34607948606372,0.0139956362709055,False,
402,ZTF_g,P48,58727.1702778,18.4233350700051,0.0152578363773789,False,
403,ZTF_g,P48,58728.1513079,18.450118253048164,0.0155046873488069,False,
404,ZTF_r,P48,58728.205162,18.147329238461587,0.0155760442245218,False,
405,ZTF_r,P48,58728.2348495,18.30157892292496,0.0219417530688815,False,
406,ZTF_g,P48,58729.13332180001,18.490619010824247,0.07994004966451,False,
407,ZTF_g,P48,58732.1433449,18.43361032223312,0.0226415079760049,False,
408,ZTF_g,P48,58732.1479745,18.499918686397503,0.0248055710642608,False,
409,ZTF_g,P48,58732.1691435,18.50068334614757,0.0251590664272209,False,
410,ZTF_r,P48,58732.2116898,18.23357074195436,0.027747820937665,False,
411,ZTF_i,P48,58733.1451736,18.039503229069663,0.0203513141267957,False,
412,ZTF_g,P48,58733.1693519,18.472754437879807,0.0265931137130879,False,
413,ZTF_g,P48,58733.2087037,18.49866412650025,0.0305827291810214,False,
414,ZTF_r,P48,58733.248020800005,18.279722533056628,0.0294405612833604,False,
415,ZTF_r,P48,58734.1445949,18.29861273803412,0.0239691467114666,False,
416,ZTF_g,P48,58734.1862153,18.51749104261096,0.0395495578423963,False,
417,ZTF_g,P48,58734.208588,18.510434738499384,0.0385534995386962,False,
418,ZTF_g,P48,58737.129456,18.592747241568365,0.0458182235634294,False,
419,ZTF_g,P48,58737.1303819,18.559085062203167,0.0395115528906898,False,
420,ZTF_r,P48,58737.1868287,18.332103567970464,0.0363928532947558,False,
421,ZTF_g,P48,58738.1211806,18.575347081858645,0.0578051498594878,False,
422,ZTF_g,P48,58738.1336574,18.51871272874604,0.0408048743938765,False,
423,ZTF_g,P48,58739.1212269,18.557130099868807,0.0521969575392642,False,
424,ZTF_g,P48,58740.1215972,18.543704918837207,0.0485045368254326,False,
425,ZTF_g,P48,58740.1226273,18.48055426077201,0.0415623350090052,False,
426,ZTF_g,P48,58740.145706,18.529144122882208,0.0473239063803241,False,
427,ZTF_r,P48,58740.2630787,18.331258357809613,0.0658381199644645,False,
428,ZTF_r,P48,58740.26398150001,18.40077935905693,0.0759672838885993,False,
429,ZTF_g,P48,58741.1218519,18.572633648756568,0.0346717190266801,False,
430,ZTF_g,P48,58741.130208300005,18.54105317830029,0.0353418706444473,False,
431,ZTF_r,P48,58742.120451400006,18.20688753867488,0.0417195627497679,False,
432,ZTF_g,P48,58742.1456829,18.59785753041291,0.0471341186671801,False,
433,ZTF_g,P48,58743.120451400006,18.58151676750729,0.0261635596221334,False,
434,ZTF_g,P48,58743.1219097,18.556496299294707,0.0239244169513893,False,
435,ZTF_g,P48,58743.1448727,18.598751219010484,0.021545773840562,False,
436,ZTF_g,P48,58745.1319097,18.6298626149736,0.0190717582902506,False,
437,ZTF_i,P48,58747.1125694,18.11022053592224,0.0568475192599435,False,
438,ZTF_g,P48,58747.13054400001,18.63798064726613,0.0218617465258622,False,
439,ZTF_g,P48,58750.1359606,18.634289112498223,0.031003944075302,False,
440,ZTF_i,P48,58751.1200347,18.193547730403917,0.032592375075736,False,
441,ZTF_g,P48,58758.1289468,18.733266881430534,0.0280616864304759,False,
442,ZTF_r,P48,58761.1200116,18.504087355017347,0.0258639148814961,False,
443,ZTF_g,P48,58764.1999769,18.66352671194609,0.0680707948440332,False,
444,ZTF_g,P48,58771.11017359999,18.715349345117023,0.0571805860501657,False,
445,ZTF_r,P48,58775.1026042,18.50009739177825,0.0240835445862154,False,
446,ZTF_g,P48,58775.1121528,18.73990035071078,0.0282789643418038,False,
447,ZTF_g,P48,58778.1221644,18.803094393018227,0.0408168713982158,False,
448,ZTF_r,P48,58781.09067130001,18.65621566050412,0.0751401496037894,False,
449,ZTF_g,P48,58781.11216440001,18.85220576486051,0.0684284816934622,False,
450,ZTF_g,P48,58785.11501159999,18.756474610144977,0.0393209232089827,False,
451,ZTF_g,P48,58789.1253241,18.90098088384248,0.0883583231895147,False,
452,ZTF_r,P48,58792.1100694,18.53859253407894,0.0588695105221532,False,
453,ZTF_r,P48,58795.0777431,18.523651493726224,0.0510812673029077,False,
454,ZTF_g,P48,58795.10979169999,18.768580357246652,0.086235079574763,False,
455,ZTF_g,P48,58798.0992477,18.87596779444262,0.1279087491412308,False,
456,ZTF_g,P48,58851.5497106,18.90906283108325,0.172532195133442,False,
457,ZTF_g,P48,58854.5586806,18.909786584220104,0.0857863545330555,False,
458,ZTF_r,P48,58873.5350579,18.6377555480803,0.0232670149565209,False,
459,ZTF_g,P48,58876.53627309999,18.886885101275208,0.0244245233123503,False,
460,ZTF_r,P48,58876.5745602,18.621430005945108,0.0324078739986216,False,
461,ZTF_g,P48,58879.5046412,18.909455057014576,0.0815206001195843,False,
462,ZTF_r,P48,58879.5409375,18.629736808774567,0.0737286824621133,False,
463,ZTF_g,P48,58885.46679400001,18.94619606817493,0.1228505696703829,False,
464,ZTF_r,P48,58885.5435301,18.61000273384172,0.0246087229251735,False,
465,ZTF_r,P48,58888.5102546,18.88147939491077,0.1359903910662847,False,
466,ZTF_g,P48,58891.4746644,18.910179654208253,0.0808609648005582,False,
467,ZTF_r,P48,58894.5408565,18.560798854885853,0.0296362870460668,False,
468,ZTF_g,P48,58894.5593056,18.791787448727305,0.0358137911024549,False,
469,ZTF_r,P48,58898.5237616,18.55861401451501,0.019047342576204,False,
470,ZTF_g,P48,58898.5616551,18.8824110741736,0.0355622674101525,False,
471,ZTF_r,P48,58904.5242245,18.642346045749637,0.0263885959391646,False,
472,ZTF_g,P48,58904.55254630001,18.87320557630666,0.0426617116884978,False,
473,ZTF_r,P48,58908.51386569999,18.6230896839107,0.0201839924956663,False,
474,ZTF_r,P48,58911.50379630001,18.771187092275134,0.0429831433513277,False,
475,ZTF_g,P48,58911.5374306,18.94103949814512,0.0334581632453502,False,
476,ZTF_g,P48,58914.46405090001,18.87846193981735,0.0367531511449473,False,
477,ZTF_r,P48,58914.53598380001,18.69199255106145,0.0196840683943386,False,
478,ZTF_g,P48,58936.4984375,19.1162993291605,0.0286756844701457,False,
479,ZTF_r,P48,58936.5070023,18.75939320088021,0.0226121050322478,False,
480,ZTF_g,P48,58939.4655787,18.625660412279053,0.1317245252301814,False,
481,ZTF_g,P48,58943.4437153,19.109046388924288,0.0577906550980782,False,
482,ZTF_r,P48,58943.4814583,18.78790210452037,0.0267031806582696,False,
483,ZTF_r,P48,58953.45651619999,18.872272117772017,0.0378264128470574,False,
484,ZTF_i,P48,58953.4600694,18.544486277917816,0.0451562566534493,False,
485,ZTF_g,P48,58954.4326157,19.1472879309194,0.0423501652711852,False,
486,ZTF_r,P48,58956.4854514,19.19128775725168,0.095467683928033,False,
487,ZTF_r,P48,58961.457963,18.87995672295204,0.0342226368021333,False,
488,ZTF_i,P48,58962.433287,18.58663084991642,0.037658232697534,False,
489,ZTF_g,P48,58964.3824537,19.193180634653057,0.0261962636983447,False,
490,ZTF_r,P48,58964.4227315,18.85858410486697,0.0218495110183409,False,
491,ZTF_i,P48,58966.4845023,18.52158341710457,0.0248146212428815,False,
492,ZTF_r,P48,58967.3830903,18.95443489368835,0.0256113535530071,False,
493,ZTF_g,P48,58967.4362847,19.303910707518256,0.0301687066669038,False,
494,ZTF_r,P48,58970.4143056,19.039920811625,0.0256751405232407,False,
495,ZTF_g,P48,58970.464537,19.28632091049707,0.0236345491186497,False,
496,ZTF_i,P48,58971.4614815,18.66381316404758,0.0317572612923951,False,
497,ZTF_r,P48,58973.3539815,18.9292804072622,0.0455739558652682,False,
498,ZTF_g,P48,58973.4641898,19.25635614406168,0.039322996739362,False,
499,ZTF_i,P48,58976.4196528,18.618062186157992,0.0618827421857147,False,
500,ZTF_r,P48,58977.39866900001,19.05160459028773,0.1274844168910713,False,
501,ZTF_r,P48,58980.31435190001,19.003559426737745,0.0385201290873661,False,
502,ZTF_i,P48,58980.37601849999,18.63994019540379,0.0420343675400439,False,
503,ZTF_g,P48,58980.3985764,19.314312681327905,0.0704883787701878,False,
504,ZTF_r,P48,58984.4020602,18.993563493111346,0.0227681733106669,False,
505,ZTF_r,P48,58985.37811340001,18.985146013117227,0.0261622678024411,False,
506,ZTF_g,P48,58985.42107640001,19.431282955676345,0.0348797445023478,False,
507,ZTF_r,P48,58986.295196800005,19.021060976014677,0.0246013779637648,False,
508,ZTF_i,P48,58986.333912,18.585997440401783,0.0258264320675971,False,
509,ZTF_g,P48,58986.3966898,19.27375186470004,0.0268445572899946,False,
510,ZTF_r,P48,58987.3314699,19.030004185465074,0.0215476430695225,False,
511,ZTF_g,P48,58987.4299537,19.41492725048835,0.028189272647411,False,
512,ZTF_r,P48,58991.2730556,18.96952545422199,0.0266197639230717,False,
513,ZTF_g,P48,58991.3187037,19.31804082808309,0.0306442468022977,False,
514,ZTF_i,P48,58991.3358681,18.620917523848483,0.0378801575752663,False,
515,ZTF_r,P48,58992.2940394,18.979261919452767,0.0239242488963182,False,
516,ZTF_g,P48,58992.3329745,19.34379182599276,0.038701532976638,False,
517,ZTF_g,P48,58994.4150231,19.33272977308729,0.0328866377690296,False,
518,ZTF_r,P48,58995.2751042,18.984725980104614,0.0237115721363658,False,
519,ZTF_g,P48,58995.3201389,19.37958644670432,0.0312305067905636,False,
520,ZTF_r,P48,58996.3102894,19.074799669086865,0.0261378521539752,False,
521,ZTF_r,P48,58997.29861109999,19.0680295856895,0.026418340149514,False,
522,ZTF_i,P48,58997.3164583,18.61995213721357,0.0300785766015308,False,
523,ZTF_g,P48,58997.3830787,19.41935698709514,0.0284272846159867,False,
524,ZTF_g,P48,58998.3626042,19.35903381797023,0.0274747223711784,False,
525,ZTF_r,P48,58999.3367245,19.108658996850465,0.0349056226449298,False,
526,ZTF_g,P48,58999.4010069,19.40222290669585,0.0413575671875695,False,
527,ZTF_r,P48,59000.3339931,19.44209767351956,0.0850714022612375,False,
528,ZTF_r,P48,59000.3942824,19.049571484856244,0.0615677453861913,False,
529,ZTF_g,P48,59000.4162616,19.14449463501538,0.1958706137838084,False,
530,ZTF_r,P48,59001.2934028,19.284870503759013,0.0172878808741652,False,
531,ZTF_i,P48,59001.3316898,18.63203628548713,0.0325319120107541,False,
532,ZTF_g,P48,59001.393171300006,19.359574702140545,0.0440571095862819,False,
533,ZTF_g,P48,59004.22133099999,19.22650362079263,0.0930571200127817,False,
534,ZTF_r,P48,59004.287488400005,19.072198743035838,0.0664458813064372,False,
535,ZTF_g,P48,59005.22480319999,19.308420715620155,0.114685802437548,False,
536,ZTF_i,P48,59009.3165394,18.74979624183501,0.0527481699549343,False,
537,ZTF_r,P48,59009.362233800006,19.187333380646677,0.0634750623627462,False,
538,ZTF_g,P48,59012.3125347,19.444151009028516,0.0298426221021697,False,
539,ZTF_g,P48,59015.3097222,19.555902500675348,0.0364607179056032,False,
540,ZTF_r,P48,59015.3175694,19.11456039223119,0.0271132798398764,False,
541,ZTF_i,P48,59015.372581,18.790920137231904,0.0310366411167293,False,
542,ZTF_g,P48,59018.3388773,19.556209047876155,0.0327777764869373,False,
543,ZTF_i,P48,59019.2974074,18.86889781381639,0.0366394795449852,False,
544,ZTF_r,P48,59024.24241900001,19.0664947876461,0.0290963969527384,False,
545,ZTF_g,P48,59024.2905903,19.446119959744152,0.1033426170069294,False,
546,ZTF_i,P48,59024.31988430001,18.74544043316176,0.0446780967379779,False,
547,ZTF_g,P48,59027.2363773,19.4926890275761,0.0515498298203394,False,
548,ZTF_r,P48,59027.28822919999,19.091632892038422,0.0302419556408595,False,
549,ZTF_i,P48,59028.31464119999,18.824632692982863,0.0404278020168824,False,
550,ZTF_g,P48,59030.35054400001,19.553726445071156,0.0830955613182425,False,
551,ZTF_i,P48,59032.2722222,18.8298257605742,0.0432342845423394,False,
552,ZTF_g,P48,59033.21054400001,19.44249093875959,0.1393261073458562,False,
553,ZTF_r,P48,59033.3322569,19.32925988027544,0.0810748699391305,False,
554,ZTF_g,P48,59034.22851849999,19.59144401469081,0.1270809935470447,False,
555,ZTF_r,P48,59036.27625,19.21295857635008,0.0635965669546782,False,
556,ZTF_i,P48,59036.3256829,18.847361660829574,0.055580017934489,False,
557,ZTF_g,P48,59039.191169000005,19.555988977633373,0.0357224892414736,False,
558,ZTF_r,P48,59039.2341898,19.27700388015869,0.028977843312956,False,
559,ZTF_r,P48,59039.3095023,19.247704957224457,0.0438108914786227,False,
560,ZTF_i,P48,59041.17126159999,18.86430091514793,0.0484472488902666,False,
561,ZTF_r,P48,59042.2493171,19.09442703404529,0.0247829606438897,False,
562,ZTF_g,P48,59042.3012847,19.53685804908129,0.0394650099061387,False,
563,ZTF_r,P48,59045.2293056,19.187322863158556,0.0285631483825955,False,
564,ZTF_g,P48,59045.26151619999,19.53457366806309,0.0332504669685357,False,
565,ZTF_i,P48,59045.3078241,18.87026751422485,0.0385630256623344,False,
566,ZTF_r,P48,59048.2473727,19.241144031936653,0.0300909075206118,False,
567,ZTF_i,P48,59049.26747690001,18.82458432659213,0.0281275966574837,False,
568,ZTF_g,P48,59051.312175900006,19.566899576376773,0.0419182001481078,False,
569,ZTF_i,P48,59053.2529051,18.8536271677459,0.0321045077424781,False,
570,ZTF_g,P48,59054.289919,19.57209025108497,0.0467542827573075,False,
571,ZTF_r,P48,59054.3521065,19.18671250580096,0.0386429080918714,False,
572,ZTF_g,P48,59057.2694676,19.66170560621172,0.0543923707850538,False,
573,ZTF_r,P48,59057.3327894,19.268082628615943,0.0411337049922415,False,
574,ZTF_i,P48,59059.2527315,19.023605062926656,0.0588665470404089,False,
575,ZTF_r,P48,59063.18738430001,19.35795558598113,0.0768661633985236,False,
576,ZTF_i,P48,59063.2108102,18.955483755562405,0.0566074429171354,False,
577,ZTF_g,P48,59063.23282409999,19.81288457052576,0.1471356031822329,False,
578,ZTF_g,P48,59066.19376159999,19.833606692059075,0.0959826580537387,False,
579,ZTF_r,P48,59066.2382523,19.36765640024417,0.0625794220912363,False,
580,ZTF_i,P48,59067.23210650001,19.026675122331604,0.0513271357526733,False,
581,ZTF_g,P48,59069.1770486,19.747709428735757,0.0505632516491438,False,
582,ZTF_r,P48,59069.21670140001,19.455781181865987,0.0389166809439507,False,
583,ZTF_r,P48,59072.1925926,19.2861753944825,0.0376112651271315,False,
584,ZTF_g,P48,59072.2274074,19.590486575984617,0.0470320711705058,False,
585,ZTF_i,P48,59072.2597917,18.89754144465898,0.039698958240773,False,
586,ZTF_g,P48,59075.1929977,19.671592060713635,0.0527000590483161,False,
587,ZTF_r,P48,59075.2159375,19.39862500348398,0.0524060051258432,False,
588,ZTF_i,P48,59076.2272917,18.89022790955916,0.0396137657347061,False,
589,ZTF_r,P48,59078.1847569,19.410312015370383,0.0366334651810017,False,
590,ZTF_g,P48,59078.2080556,19.747687877590167,0.0470759970429845,False,
591,ZTF_i,P48,59080.2476852,19.049395691238196,0.0529415566558097,False,
592,ZTF_r,P48,59081.2037616,19.368924831902973,0.0496239978578921,False,
593,ZTF_g,P48,59081.234664400006,19.71197418304705,0.0726569420408449,False,
594,ZTF_i,P48,59084.2153472,19.059786063298112,0.0649078202193841,False,
595,ZTF_i,P48,59088.1908796,18.9746627405124,0.065422829723854,False,
596,ZTF_i,P48,59093.2382407,19.06121885378876,0.0749403340307645,False,
597,ZTF_r,P48,59095.1549074,19.500183905455074,0.0649600951823449,False,
598,ZTF_g,P48,59095.20466440001,19.47985726601413,0.130816700960688,False,
599,ZTF_r,P48,59096.1945949,19.491256675003285,0.0652912116997624,False,
600,ZTF_i,P48,59096.2272454,19.0293096778556,0.0393017526422308,False,
601,ZTF_i,P48,59096.2435417,19.04593573999402,0.0440385648908808,False,
602,ZTF_g,P48,59097.1953588,19.69226019086979,0.1172796368808312,False,
603,ZTF_g,P48,59097.1962963,20.03447098691529,0.1471279166152329,False,
604,ZTF_i,P48,59097.2121875,19.04807845003716,0.0448235148641675,False,
605,ZTF_i,P48,59097.22716440001,18.95958789096457,0.0706913721884138,False,
606,ZTF_i,P48,59097.2479745,19.16404326970336,0.0722711977246605,False,
607,ZTF_r,P48,59098.1561227,19.64086861978192,0.0514799563990684,False,
608,ZTF_r,P48,59098.1570602,19.59710879497392,0.0508349161647887,False,
609,ZTF_g,P48,59098.20041669999,19.68171448955644,0.0854315088074252,False,
610,ZTF_i,P48,59098.24688659999,19.01227528281502,0.0532243410112376,False,
611,ZTF_i,P48,59098.2730324,19.087545824794148,0.0571887842696392,False,
612,ZTF_r,P48,59099.13197919999,19.57701948525387,0.0511479894801921,False,
613,ZTF_r,P48,59099.13291669999,19.62761761075324,0.0586575521698603,False,
614,ZTF_g,P48,59099.1653356,19.862846479121448,0.0576696257385629,False,
615,ZTF_g,P48,59099.1662731,19.86538482919046,0.0581576882503595,False,
616,ZTF_i,P48,59099.24427080001,19.06024451968904,0.0499650833953117,False,
617,ZTF_i,P48,59099.289375,19.26457460111491,0.1050418055486555,False,
618,ZTF_i,P48,59106.143669000005,18.92808648392022,0.1054364763663927,False,
619,ZTF_i,P48,59106.1599421,19.051440826216588,0.0674158736203775,False,
620,ZTF_g,P48,59106.18451390001,20.113766413316007,0.1752773174779323,False,
621,ZTF_r,P48,59106.1992708,19.774233179310908,0.1485850677329184,False,
622,ZTF_r,P48,59107.1462847,19.64253506333286,0.1133132709990001,False,
623,ZTF_g,P48,59107.17607640001,20.052016498723752,0.1966255159535348,False,
624,ZTF_i,P48,59107.2061574,19.14440044779624,0.0690728754683165,False,
625,ZTF_i,P48,59107.2189005,19.15305064337484,0.0713831404981404,False,
626,ZTF_r,P48,59107.2593866,19.219108419966854,0.1451345756442906,False,
627,ZTF_i,P48,59109.1171528,19.206759848286133,0.0626994422332938,False,
628,ZTF_r,P48,59109.1622454,19.778486483925256,0.0845874229001138,False,
629,ZTF_r,P48,59109.1683681,19.774156225893368,0.091175241833044,False,
630,ZTF_g,P48,59109.2026736,20.007646345914655,0.1135333168478738,False,
631,ZTF_g,P48,59109.2111574,19.923538975407936,0.0980063868212165,False,
632,ZTF_i,P48,59109.2688542,19.13440244162549,0.0715434707941072,False,
633,ZTF_g,P48,59110.14986109999,19.93490224469579,0.0748288486337438,False,
634,ZTF_i,P48,59110.182338,19.30311039827893,0.0775549031129259,False,
635,ZTF_i,P48,59110.183263900006,19.177809339669444,0.0468355579036958,False,
636,ZTF_i,P48,59110.20210650001,19.17941460347262,0.0711435368832585,False,
637,ZTF_g,P48,59111.1148611,19.75575778552393,0.1122044286232506,False,
638,ZTF_g,P48,59111.1540278,19.95849950170668,0.0734659377375164,False,
639,ZTF_i,P48,59111.1705671,19.14512325586081,0.0422722596941872,False,
640,ZTF_i,P48,59111.1948727,19.187535448115487,0.0457539735453616,False,
641,ZTF_r,P48,59111.2279745,19.457578842033005,0.0862541222124144,False,
642,ZTF_g,P48,59112.1391551,20.097393079367947,0.065291415687931,False,
643,ZTF_g,P48,59112.1498148,20.047035090081,0.0704222967044516,False,
644,ZTF_r,P48,59112.17135419999,19.571464761508327,0.0468851115548093,False,
645,ZTF_i,P48,59112.2236227,19.028230560669225,0.0395032295893238,False,
646,ZTF_i,P48,59112.2472569,19.061889541680326,0.0481548110617503,False,
647,ZTF_i,P48,59114.1428241,19.15623568844705,0.0417063888885541,False,
648,ZTF_i,P48,59114.1444792,19.283058355692862,0.0683728069374622,False,
649,ZTF_i,P48,59114.1588426,19.199529428786377,0.046598093079961,False,
650,ZTF_r,P48,59114.1814815,19.61049710119202,0.0862740278257571,False,
651,ZTF_g,P48,59114.20032409999,20.05295989060672,0.1049445952260214,False,
652,ZTF_g,P48,59114.2359722,19.799484998700304,0.1066208754431651,False,
653,ZTF_i,P48,59115.123321800005,19.16766383074232,0.042897149365655,False,
654,ZTF_r,P48,59115.1530093,19.62671227916665,0.0638132516272823,False,
655,ZTF_i,P48,59115.1807176,19.14949808765394,0.0451215983137036,False,
656,ZTF_g,P48,59115.2092824,19.86570661374233,0.1217336594178514,False,
657,ZTF_i,P48,59116.134294,19.07926834646032,0.0570945881340961,False,
658,ZTF_i,P48,59116.1616204,19.163658658563328,0.0545522494850696,False,
659,ZTF_r,P48,59116.19673609999,19.480685306815605,0.0883498012431614,False,
660,ZTF_g,P48,59116.21710650001,19.816306184761096,0.1394929897410581,False,
661,ZTF_r,P48,59117.110625,19.429725722589893,0.0790862454203817,False,
662,ZTF_r,P48,59117.12677080001,19.70543500879436,0.0757244738840141,False,
663,ZTF_i,P48,59117.1493056,19.25087043579446,0.0444386162570904,False,
664,ZTF_i,P48,59117.1794329,19.284481513038116,0.056069036734026,False,
665,ZTF_g,P48,59117.2159144,20.062012530281777,0.1478728670124963,False,
666,ZTF_i,P48,59118.1462037,19.257148780116992,0.0620645589092519,False,
667,ZTF_i,P48,59119.12263890001,19.24016638617785,0.0433978924303774,False,
668,ZTF_i,P48,59119.1393171,19.17573644722651,0.0427622286994945,False,
669,ZTF_r,P48,59119.1615625,19.690443559539965,0.0770916954332044,False,
670,ZTF_r,P48,59119.1777546,19.67803218982214,0.0889021831252658,False,
671,ZTF_g,P48,59119.198831,20.09865670591049,0.1807638675103845,False,
672,ZTF_g,P48,59119.208958300005,20.022312479737696,0.1955114565063243,False,
673,ZTF_i,P48,59121.1077546,19.17382638940449,0.0528647580765926,False,
674,ZTF_i,P48,59121.13763890001,19.241261697483203,0.0602075575532779,False,
675,ZTF_r,P48,59121.1584028,19.666427137066623,0.0911019402449011,False,
676,ZTF_g,P48,59121.17657409999,20.123028779558688,0.1828211780951956,False,
677,ZTF_i,P48,59122.135787,19.29588333486556,0.0932214180599281,False,
678,ZTF_g,P48,59124.1413079,19.76005349169486,0.1399388514045282,False,
679,ZTF_g,P48,59124.1422454,19.86783467309442,0.1673836821648554,False,
680,ZTF_i,P48,59124.17535880001,19.120823906207686,0.0629445873403681,False,
681,ZTF_i,P48,59124.1947801,19.34359594383292,0.0859397127720323,False,
682,ZTF_r,P48,59124.2151505,19.7296457891685,0.1950931552892032,False,
683,ZTF_g,P48,59126.19682869999,19.82987996226977,0.208979186610634,False,
684,ZTF_r,P48,59128.1413194,19.65704878917369,0.0639602293314662,False,
685,ZTF_r,P48,59128.1422569,19.61451421535028,0.0612085831096026,False,
686,ZTF_g,P48,59128.178020800005,19.675831728718578,0.1134270843053864,False,
687,ZTF_g,P48,59128.178958300006,19.88964196995103,0.138586240502513,False,
688,ZTF_i,P48,59128.202662,19.21881873330064,0.0973796662204831,False,
689,ZTF_i,P48,59128.2039352,19.22398362079051,0.0785475746733107,False,
690,ZTF_i,P48,59129.15901619999,19.413236654684454,0.0953910757927972,False,
691,ZTF_g,P48,59130.154675900005,20.14749465665984,0.0888490734021962,False,
692,ZTF_r,P48,59131.10010419999,19.7817329628542,0.170530463908471,False,
693,ZTF_g,P48,59131.1557986,20.010506930342583,0.1473719205017679,False,
694,ZTF_g,P48,59135.09960650001,20.36784902170508,0.1274705070987553,False,
695,ZTF_r,P48,59135.1669444,19.78623838424833,0.0840607210607093,False,
696,ZTF_r,P48,59137.0929861,19.64661794094612,0.0763826037342827,False,
697,ZTF_r,P48,59137.0995602,19.784577999237992,0.0673652050847674,False,
698,ZTF_g,P48,59137.14092590001,20.35713990220628,0.1348468576495897,False,
699,ZTF_g,P48,59137.14186340001,20.051088339592123,0.085102056611888,False,
700,ZTF_i,P48,59138.1631713,19.18869469058416,0.0661383603945811,False,
701,ZTF_r,P48,59139.0933449,19.8588898180867,0.0953458901051008,False,
702,ZTF_g,P48,59139.1127546,20.076368453855665,0.0883149087513197,False,
703,ZTF_i,P48,59139.1533218,19.514217933516765,0.0785222161091792,False,
704,ZTF_g,P48,59139.1744329,19.98775180374557,0.1440048218228324,False,
705,ZTF_r,P48,59141.1122454,19.80321213033517,0.1087773058574202,False,
706,ZTF_g,P48,59143.1560764,20.110455311614377,0.1149640175944959,False,
707,ZTF_r,P48,59145.10332180001,19.82474635832444,0.0702711880436334,False,
708,ZTF_g,P48,59145.1336921,20.279579759106447,0.1247768782220079,False,
709,ZTF_i,P48,59152.1303704,19.534723657331416,0.129880863206299,False,
710,ZTF_r,P48,59168.0779514,19.85486170375952,0.195409253806534,False,
711,ZTF_r,P48,59168.0921528,19.98505530503659,0.2097437468933969,False,
712,ZTF_r,P48,59172.0766898,20.02440026258816,0.1696871152747405,False,
713,ZTF_r,P48,59172.0814005,19.960364353204355,0.1371465516022765,False,
714,ZTF_r,P48,59172.0861111,19.873866109437444,0.1445223259557623,False,
715,ZTF_r,P48,59172.0908102,20.168216246292623,0.1819819631570657,False,
716,ZTF_r,P48,59174.07153940001,19.67247924590212,0.1548685924670087,False,
717,ZTF_r,P48,59174.0810417,19.70341733660738,0.1942825113176846,False,
718,ZTF_i,P48,59218.548044,19.440538717543248,0.1225131354683994,False,
719,ZTF_r,P48,59226.511331,20.041143182750982,0.1529433729148589,False,
720,ZTF_g,P48,59226.5489815,20.42297647982582,0.1419561023794386,False,
721,ZTF_g,P48,59228.5134144,20.233420120827937,0.1198490592784887,False,
722,ZTF_i,P48,59228.55254630001,19.500435506468683,0.1045891353552386,False,
723,ZTF_r,P48,59230.55089119999,19.98556777738999,0.1138680029606048,False,
724,ZTF_r,P48,59232.51091440001,20.060501323994828,0.0989786686358495,False,
725,ZTF_g,P48,59232.545787,20.25836488038746,0.1150431839594217,False,
726,ZTF_r,P48,59249.498321800005,20.33999918704287,0.1921591999358896,False,
727,ZTF_g,P48,59249.531412,20.57844510033126,0.2022924201613403,False,
728,ZTF_i,P48,59250.5183681,19.48231787229664,0.0953150597957003,False,
729,ZTF_r,P48,59251.4928819,20.427883035013757,0.1963941549718746,False,
730,ZTF_g,P48,59251.52908559999,19.92995216426401,0.1186445861733043,False,
731,ZTF_r,P48,59253.51089119999,20.085525067671583,0.0956008335998808,False,
732,ZTF_g,P48,59253.538414400005,20.450472301376085,0.0998359707734576,False,
733,ZTF_i,P48,59255.5201852,19.671368845268592,0.0886905940534746,False,
734,ZTF_r,P48,59256.42885419999,20.122862838373603,0.1487784057753313,False,
735,ZTF_g,P48,59256.538287,20.58083744487265,0.1060914718879948,False,
736,ZTF_g,P48,59264.4963194,20.354831725619118,0.0927252860777069,False,
737,ZTF_r,P48,59264.5371181,20.234887692785453,0.0832827535522511,False,
738,ZTF_i,P48,59267.5079051,19.665607580142908,0.128314377690345,False,
739,ZTF_g,P48,59267.5293403,20.54888317251461,0.1516791263724485,False,
740,ZTF_g,P48,59269.4858796,20.42185307067343,0.1688905828722888,False,
741,ZTF_g,P48,59269.4868171,20.503621094032503,0.1875892652379575,False,
742,ZTF_r,P48,59269.5229398,20.08875806301761,0.0938093518516997,False,
743,ZTF_r,P48,59269.5352546,20.162960688679988,0.0948235599296869,False,
744,ZTF_i,P48,59270.4662037,19.625529837722013,0.1842957480759912,False,
745,ZTF_r,P48,59272.4910301,20.16008027800414,0.181844799965321,False,
746,ZTF_r,P48,59272.4919676,19.790983662123512,0.1246584277539871,False,
747,ZTF_i,P48,59273.5242477,19.13655820343387,0.1544289078357381,False,
748,ZTF_r,P48,59275.5213079,19.942628497844808,0.1314472292759173,False,
749,ZTF_g,P48,59280.4039699,20.459395516552757,0.2050624431845146,False,
750,ZTF_r,P48,59280.4482755,19.96146912175521,0.1371596926711454,False,
751,ZTF_r,P48,59291.4641667,20.21315043254095,0.0998605012932018,False,
752,ZTF_g,P48,59291.4878819,20.79028590618713,0.1181620293492725,False,
753,ZTF_i,P48,59292.415463,19.910751385865694,0.0932115856742704,False,
754,ZTF_r,P48,59295.48633099999,20.37783411382956,0.141941667287666,False,
755,ZTF_i,P48,59297.3743171,19.474942667774595,0.1510287449643927,False,
756,ZTF_r,P48,59297.4245949,20.36750882485784,0.1958798933715359,False,
757,ZTF_r,P48,59303.4426505,20.169895741521863,0.2063873879512143,False,
758,ZTF_i,P48,59305.3917477,19.94769148317488,0.1726187737308383,False,
759,ZTF_r,P48,59306.4957292,20.23982153004518,0.1114152272654007,False,
760,ZTF_g,P48,59308.3829514,20.63456554989072,0.1349657501477792,False,
761,ZTF_r,P48,59308.4547106,20.48536391620532,0.1270735104946043,False,
762,ZTF_i,P48,59309.4241782,19.8629964042666,0.1077707954309087,False,
763,ZTF_g,P48,59310.4280787,20.750959472771974,0.101828862012904,False,
764,ZTF_r,P48,59310.4494676,20.318009824728875,0.1851509438615873,False,
765,ZTF_i,P48,59312.3740162,19.794705118133464,0.1003497992588171,False,
766,ZTF_r,P48,59312.4018981,20.34337196558573,0.1046330900618497,False,
767,ZTF_g,P48,59312.4247917,20.559175110031333,0.1092792584333136,False,
768,ZTF_g,P48,59314.4140856,20.682991558068466,0.1076764707378498,False,
769,ZTF_r,P48,59314.4587037,20.421575081601944,0.0872349240305855,False,
770,ZTF_g,P48,59316.3828588,20.7992189275358,0.1044829157995318,False,
771,ZTF_r,P48,59316.4022222,20.296329551896264,0.0750930347857733,False,
772,ZTF_r,P48,59319.3948611,20.493997238801587,0.155761987092837,False,
773,ZTF_g,P48,59319.4311921,20.67119707167827,0.1356083283002284,False,
774,ZTF_i,P48,59319.48376159999,19.89436598592295,0.186829872310873,False,
775,ZTF_r,P48,59322.2772454,20.24416247032385,0.1458756096823082,False,
776,ZTF_g,P48,59322.42489580001,20.731214237816403,0.1690044329912215,False,
777,ZTF_i,P48,59323.44192130001,20.04011052163356,0.1020776922534619,False,
778,ZTF_r,P48,59324.3414236,20.25121219301555,0.1409790042084075,False,
779,ZTF_g,P48,59324.3836574,20.85297140695992,0.1413707897657785,False,
780,ZTF_i,P48,59328.3931481,19.950620902738347,0.1432264414883601,False,
781,ZTF_i,P48,59338.36204859999,19.63841389008412,0.0933901178157868,False,
782,ZTF_i,P48,59341.3945602,19.968720859104955,0.125103044250518,False,
783,ZTF_i,P48,59344.3580787,19.800015826009805,0.0948625004009695,False,
784,ZTF_i,P48,59352.37645830001,19.6175760041802,0.1274941028208124,False,
785,ZTF_i,P48,59356.3363426,19.65673556850194,0.1139462849204478,False,
786,ZTF_i,P48,59359.3568287,19.7621622010325,0.1517656862899032,False,
787,ZTF_i,P48,59362.3571759,19.933064780285516,0.1460009547348582,False,
788,ZTF_i,P48,59365.379294000006,19.86891341790279,0.1227069185379778,False,
789,ZTF_g,P48,59366.2910417,20.51610488066384,0.0895184095408212,False,
790,ZTF_g,P48,59366.3162616,20.661768107065708,0.1163646593398123,False,
791,ZTF_r,P48,59366.3965394,20.288512754862435,0.1048947728810937,False,
792,ZTF_g,P48,59367.2917824,20.67935253148468,0.1290201636939596,False,
793,ZTF_r,P48,59367.337338,20.43781328070321,0.1112738325167736,False,
794,ZTF_r,P48,59367.3784606,20.1393280128905,0.1081983507352491,False,
795,ZTF_g,P48,59368.3415162,20.71444219760685,0.1006441790513012,False,
796,ZTF_r,P48,59368.38167819999,20.51247589843581,0.0897143846623048,False,
797,ZTF_r,P48,59369.3319792,20.453694837990785,0.0767956105656889,False,
798,ZTF_i,P48,59369.3544907,19.89751945792476,0.0768483624288624,False,
799,ZTF_g,P48,59369.3696181,20.797285281428422,0.1106552925718713,False,
800,ZTF_g,P48,59369.3885648,20.537734113081093,0.0877159894198381,False,
801,ZTF_r,P48,59369.4235301,20.39203335176673,0.085781603879697,False,
802,ZTF_g,P48,59370.2358681,20.61335477865101,0.1083597961491147,False,
803,ZTF_r,P48,59370.3389352,20.360760137364014,0.1054463389129167,False,
804,ZTF_g,P48,59370.4142477,20.51719477443973,0.0850413968115791,False,
805,ZTF_r,P48,59371.3212731,20.343187134304294,0.0821926240242428,False,
806,ZTF_r,P48,59371.3386227,20.292075896821014,0.0672549637578651,False,
807,ZTF_g,P48,59371.3672801,20.60659408066399,0.0947129076842911,False,
808,ZTF_i,P48,59372.2913773,19.653080587717547,0.1832666083677164,False,
809,ZTF_g,P48,59373.35302080001,20.6295849336676,0.1257618048353951,False,
810,ZTF_r,P48,59373.3757407,20.36938390888984,0.102897676605457,False,
811,ZTF_g,P48,59373.420833300006,20.5796526886178,0.0966897707433986,False,
812,ZTF_r,P48,59374.2787384,20.21978156978762,0.1145280337834145,False,
813,ZTF_g,P48,59374.3787153,20.524331763970167,0.1064798242065592,False,
814,ZTF_r,P48,59374.42666669999,19.85966168151952,0.2027005601149445,False,
815,ZTF_i,P48,59375.2059606,19.71245537867588,0.1194333434246452,False,
816,ZTF_g,P48,59375.36883099999,20.52742277554796,0.1190498881932818,False,
817,ZTF_r,P48,59375.3941435,20.28953946158682,0.097442614602633,False,
818,ZTF_r,P48,59375.4019792,20.56983711946721,0.1400951694043125,False,
819,ZTF_r,P48,59376.2775231,20.214985700765485,0.0846525718818672,False,
820,ZTF_r,P48,59376.318738400005,20.32144465897146,0.076622661187582,False,
821,ZTF_g,P48,59376.35197919999,20.537832248381854,0.0921753475851899,False,
822,ZTF_r,P48,59377.2679745,20.21694457604732,0.0721465137727127,False,
823,ZTF_g,P48,59377.3371875,20.538008781405917,0.098953684177675,False,
824,ZTF_g,P48,59377.362233800006,20.270507543000576,0.0825561284231875,False,
825,ZTF_r,P48,59377.3944676,20.174687283882115,0.069826664465008,False,
826,ZTF_g,P48,59378.2069444,20.576814567522227,0.1093584499321979,False,
827,ZTF_r,P48,59378.257175900006,20.315721863993783,0.0899035146437296,False,
828,ZTF_i,P48,59378.27614580001,19.643104446207097,0.0692264648099634,False,
829,ZTF_r,P48,59378.32370369999,20.17288075860432,0.07394349399677,False,
830,ZTF_g,P48,59379.2761806,20.45753025366617,0.1020452683324418,False,
831,ZTF_g,P48,59379.31824069999,20.213079870002822,0.0731892021375075,False,
832,ZTF_r,P48,59379.354108800006,20.00232736686064,0.0610345864465475,False,
833,ZTF_r,P48,59379.3801968,20.03727236617457,0.0639408857459839,False,
834,ZTF_r,P48,59380.3528356,20.11900369500364,0.0859978247650481,False,
835,ZTF_g,P48,59381.2950579,20.10980274703134,0.1357000353832615,False,
836,ZTF_i,P48,59381.3386806,19.577751347583032,0.0794925807761886,False,
837,ZTF_r,P48,59381.36164349999,19.818703095257604,0.1034000181603778,False,
838,ZTF_r,P48,59381.3773148,19.890126108988067,0.0998995934594472,False,
839,ZTF_g,P48,59382.29736109999,20.431357719187872,0.1289862609359133,False,
840,ZTF_r,P48,59382.3197338,20.29957709670196,0.1037257988774562,False,
841,ZTF_g,P48,59382.397696800006,20.80351127766264,0.2045278868073992,False,
842,ZTF_r,P48,59383.2150694,19.997239172959976,0.118192950838027,False,
843,ZTF_g,P48,59383.24949069999,20.369874780702872,0.1317805853550733,False,
844,ZTF_i,P48,59384.2925231,19.9185580152465,0.1232733399986542,False,
845,ZTF_r,P48,59384.3405556,20.10526459608315,0.0874195723977719,False,
846,ZTF_g,P48,59385.1911921,20.32434922659316,0.1852673862828569,False,
847,ZTF_g,P48,59385.332419000006,20.09470160356937,0.1446827146329555,False,
848,ZTF_r,P48,59385.3594097,19.93367099734604,0.1279839884178092,False,
849,ZTF_r,P48,59386.3678125,20.076818788915,0.149009485147836,False,
850,ZTF_g,P48,59386.4240046,20.346521774741724,0.1307190958276852,False,
851,ZTF_i,P48,59387.2712153,19.52853133305532,0.1287646693200289,False,
852,ZTF_r,P48,59391.27116900001,20.317312446650234,0.1703934864016244,False,
853,ZTF_r,P48,59391.3331829,19.87764531367184,0.1306068370587306,False,
854,ZTF_g,P48,59392.3059722,20.087567182087632,0.1303873174005608,False,
855,ZTF_r,P48,59392.35177080001,20.167083340148928,0.1289371687847466,False,
856,ZTF_r,P48,59392.3778241,20.250896302251583,0.1921337776249652,False,
857,ZTF_g,P48,59393.2746991,20.45054791589928,0.1488797773873767,False,
858,ZTF_g,P48,59393.35432869999,20.468866222967463,0.1970245715697603,False,
859,ZTF_r,P48,59393.4121412,20.188847569021306,0.1563181248103784,False,
860,ZTF_g,P48,59394.2267361,20.384406906979684,0.0969478959858653,False,
861,ZTF_i,P48,59394.254213,19.52851087420009,0.0778633074653109,False,
862,ZTF_r,P48,59394.3007986,20.09558290191336,0.1801250516286189,False,
863,ZTF_g,P48,59394.34045140001,20.60932966960733,0.2048784646442712,False,
864,ZTF_r,P48,59394.43989580001,20.239552606478888,0.1810616347452072,False,
865,ZTF_g,P48,59395.2519444,20.40498328627328,0.1942233186188559,False,
866,ZTF_g,P48,59395.28721059999,20.26354127585006,0.1530573894238025,False,
867,ZTF_r,P48,59396.2270949,20.25164111139272,0.0733291836009247,False,
868,ZTF_g,P48,59396.25276619999,20.404416617230517,0.0880311480299519,False,
869,ZTF_g,P48,59396.3080208,20.302509145584647,0.0944635306010316,False,
870,ZTF_r,P48,59396.3444907,20.084373066311137,0.0855356001514007,False,
871,ZTF_g,P48,59397.2888426,20.50329810772404,0.101712591911887,False,
872,ZTF_i,P48,59397.3307523,19.446808578710325,0.0655156240396274,False,
873,ZTF_r,P48,59397.339537,20.211494256011758,0.0752589759373465,False,
874,ZTF_r,P48,59397.3560417,20.07370490367976,0.0710338582130202,False,
875,ZTF_r,P48,59399.2275347,20.28569200992699,0.0878144345911347,False,
876,ZTF_g,P48,59399.270544000006,20.45486535486864,0.0862355597998398,False,
877,ZTF_g,P48,59400.2909606,20.538129197924786,0.0997104440614626,False,
878,ZTF_g,P48,59400.298796300005,20.538283590702427,0.1058232502956081,False,
879,ZTF_i,P48,59400.3249769,19.88869760418616,0.0876761382027113,False,
880,ZTF_r,P48,59400.3527778,20.13189191574565,0.0773699294191639,False,
881,ZTF_g,P48,59401.24988430001,20.654286707407405,0.1441115473045018,False,
882,ZTF_r,P48,59401.3102199,20.17469517821471,0.0758466903417927,False,
883,ZTF_r,P48,59401.3266204,20.184691929545853,0.0793721098321054,False,
884,ZTF_g,P48,59401.3593866,20.40017961239073,0.1080947700879535,False,
885,ZTF_g,P48,59402.2991204,20.303178191368687,0.0844637838588643,False,
886,ZTF_g,P48,59402.3267361,20.54836639579408,0.1228424929382299,False,
887,ZTF_r,P48,59402.3878935,20.154253358641792,0.1232153385731364,False,
888,ZTF_g,P48,59403.276956,20.59519546627572,0.1190942263514838,False,
889,ZTF_r,P48,59403.2985648,20.0779318992204,0.0677019528259367,False,
890,ZTF_r,P48,59403.3197222,20.1857599090798,0.0840392829920834,False,
891,ZTF_g,P48,59403.3649537,20.164955152784984,0.1004022316582443,False,
892,ZTF_i,P48,59404.2048264,19.63879415077864,0.0673816141199349,False,
893,ZTF_r,P48,59404.2140278,20.14666359695962,0.0822226724684478,False,
894,ZTF_r,P48,59404.2975231,20.31773610169776,0.10304693960609,False,
895,ZTF_g,P48,59404.3184954,20.735567287048564,0.1612013731353838,False,
896,ZTF_r,P48,59405.20826390001,20.460781799029988,0.1131911146421719,False,
897,ZTF_g,P48,59405.2156134,20.36881007953649,0.1075033158476309,False,
898,ZTF_g,P48,59405.2992824,20.458174565788404,0.10854916198391,False,
899,ZTF_r,P48,59405.339375,20.10831972132185,0.1084423508398415,False,
900,ZTF_g,P48,59406.1910185,20.416021361045324,0.0975237648935115,False,
901,ZTF_g,P48,59406.2257755,20.3634490739837,0.1086984999650379,False,
902,ZTF_r,P48,59406.233414400005,20.33803805680701,0.0960498874840885,False,
903,ZTF_r,P48,59406.2658681,20.24911882904625,0.0868396237597083,False,
904,ZTF_r,P48,59407.1943403,20.335086092641266,0.0991872142697217,False,
905,ZTF_r,P48,59407.3047569,20.32344662112816,0.1290648021196382,False,
906,ZTF_g,P48,59408.20530090001,20.48566461823706,0.1094180273735761,False,
907,ZTF_r,P48,59408.2145255,20.34372556030091,0.1054820269155694,False,
908,ZTF_g,P48,59408.34292819999,20.49588914657585,0.1452469090875763,False,
909,ZTF_r,P48,59409.1930787,20.389174048995457,0.1028125700270466,False,
910,ZTF_g,P48,59409.23785880001,20.79973960652839,0.1501834034688271,False,
911,ZTF_i,P48,59409.2555671,19.86533169092241,0.0928912695479409,False,
912,ZTF_r,P48,59409.279884300006,20.414912826753067,0.0969471763187515,False,
913,ZTF_g,P48,59409.318206,20.49194992483732,0.1183710123407743,False,
914,ZTF_g,P48,59410.18585650001,20.58352008767529,0.1853180066999253,False,
915,ZTF_r,P48,59410.2277431,20.218954538520123,0.1015565541748834,False,
916,ZTF_r,P48,59410.2471412,20.43837942826208,0.1124443683100588,False,
917,ZTF_g,P48,59410.3471296,20.783793128162635,0.1617921304877227,False,
918,ZTF_g,P48,59411.2065625,20.60460237598024,0.1797225134644234,False,
919,ZTF_r,P48,59411.2291319,20.357112213666205,0.1244190181869932,False,
920,ZTF_r,P48,59411.2562847,20.457092122011343,0.1474544632411642,False,
921,ZTF_g,P48,59411.303726900005,20.78606678272483,0.1601495466215059,False,
922,ZTF_r,P48,59412.2273495,20.253381617670392,0.1005646456216772,False,
923,ZTF_g,P48,59412.2350231,20.29890539550289,0.1110764203928922,False,
924,ZTF_g,P48,59412.3227778,20.73877871142245,0.1387850523237832,False,
925,ZTF_r,P48,59412.3651273,20.016005575450244,0.1302874195711382,False,
926,ZTF_g,P48,59414.26344909999,20.393559043554745,0.1691539954168876,False,
927,ZTF_r,P48,59414.2824306,20.35548491077373,0.1427878746003345,False,
928,ZTF_g,P48,59414.3933565,20.56055233219848,0.1680877490792731,False,
929,ZTF_i,P48,59415.2501273,19.814568778866303,0.1234733799338691,False,
930,ZTF_g,P48,59415.2542245,20.530856127073143,0.2091644391450837,False,
931,ZTF_g,P48,59415.28248840001,20.442029298718357,0.2071913278382683,False,
932,ZTF_r,P48,58612.4221,19.8866329193115,0.184791877865791,True,
933,ZTF_r,P48,59036.2763,19.2751979827881,0.11707903444767,True,
934,ZTF_g,P48,59251.5291,19.9255657196045,0.206087753176689,True,
935,ZTF_g,P48,59264.4963,20.3917026519775,0.197171062231064,True,
936,ZTF_r,P48,59264.5371,20.3119220733643,0.191163584589958,True,
937,ZTF_r,P48,59269.5353,20.2510509490967,0.161909610033035,True,
938,ZTF_r,P48,59291.4642,20.2142086029053,0.204983949661255,True,
939,W1,WISE,58709.84,17.17738077921026,0.1005868697529929,True,13.0
940,W1,WISE,58910.79,16.494227117064547,0.0641768810924393,True,14.0
941,W1,WISE,59074.01,16.467968896776775,0.0797989141948972,True,15.0
942,W2,WISE,58709.84,17.080575253854242,0.21854401494731,True,29.0
943,W2,WISE,58910.79,16.366221565200625,0.1026174896093701,True,30.0
944,W2,WISE,59074.01,16.19536388126985,0.1084400187089668,True,31.0
