objID,detectID,filterID,randomDetID,obsTime,ra,dec,raErr,decErr,extNSigma,zp,airMass,psfFlux,psfFluxErr,psfMajorFWHM,psfMinorFWHM,psfTheta,psfCore,psfQf,psfQfPerfect,psfChiSq,psfLikelihood,apFlux,apFluxErr,apFillF,apRadius,kronFlux,kronFluxErr,kronRad,sky,skyErr,infoFlag,infoFlag2,infoFlag3
140222572785597410,162249259760000473,3,0.469694721949934,55723.4928625,257.27852306,26.85571372,0.021840900182724,0.021840900182724,15.833100318908691,24.370800018310547,1.079509973526001,5.84759000048507e-05,2.3519999103882583e-06,1.2336299419403076,1.1321200132369995,29.920900344848633,0.04789390042424202,0.996753990650177,0.711546003818512,1.1338900327682495,0.0,0.00010693800140870735,1.294999947276665e-06,0.8658030033111572,2.5521600246429443,0.00011106800229754299,5.141479960002471e-06,2.972209930419922,5.770670031779446e-05,3.6876099329674616e-06,35667969,160,2112
140222572785597410,162250387760000526,3,0.348134116593873,55723.5041471,257.27854499,26.85571871,0.01906139962375164,0.01906139962375164,17.022899627685547,24.311800003051758,1.1098899841308594,5.349159982870333e-05,1.8778399635266396e-06,1.122480034828186,0.9975619912147522,41.907901763916016,-0.013957899995148182,0.9969679713249207,0.8135499954223633,1.428920030593872,0.0,9.84072030405514e-05,1.2744700370603823e-06,0.8763350248336792,2.296799898147583,0.00011046799772884697,4.168040049989941e-06,2.725749969482422,3.520460086292587e-05,3.0848300411889795e-06,102776839,128,2112
140222572785597410,170324082570000943,4,0.665702941516138,55804.2409969,257.278526,26.85570014,0.02057570032775402,0.02057570032775402,14.84749984741211,24.29490089416504,1.0253000259399414,8.857370266923681e-05,3.3551700653333683e-06,1.105139970779419,1.018489956855774,58.43299865722656,0.2773880064487457,0.9969969987869263,0.9969969987869263,1.0964900255203247,0.0,0.00015513900143560022,1.977640067707398e-06,0.8785349726676941,2.552949905395508,0.00015559900202788413,7.247550001920899e-06,2.879849910736084,5.6976001360453665e-05,4.993679795006756e-06,35667969,128,7374912
140222572785597410,170325322570001020,4,0.104935000748313,55804.2534029,257.27853973,26.85568967,0.02019610069692135,0.02019610069692135,15.021300315856934,24.292600631713867,1.0427099466323853,8.632439858047292e-05,3.209730039088754e-06,1.1066399812698364,1.011199951171875,-81.9458999633789,0.0798410028219223,0.9982849955558777,0.9982849955558777,1.0420500040054321,0.0,0.00014119100524112582,1.895229956971889e-06,0.8527560234069824,2.297600030899048,0.00015605500084348023,7.165690021793125e-06,2.8828399181365967,5.696390144294128e-05,4.9541199587110896e-06,35667969,128,7374912
140222572785597410,159953842750001117,3,0.2794655321906,55700.5386902,257.27855388,26.85570171,0.013491399586200714,0.014151100069284439,11.631999969482422,24.566099166870117,1.0447700023651123,4.2516199755482376e-05,1.4198999451764394e-06,0.7316880226135254,0.6625139713287354,58.73460006713867,0.041782598942518234,0.9337289929389954,0.9337289929389954,1.3459700345993042,2.834930086824434e-31,6.92492030793801e-05,9.522930213279324e-07,0.6301239728927612,1.7874300479888916,-999.0,-999.0,-999.0,6.87374995322898e-05,3.5580198982643196e-06,1176502277,128,34880
140222572785597410,159955024750000872,3,0.820318774152844,55700.5505063,257.27855947,26.85571812,0.016803300008177757,0.016803300008177757,23.107099533081055,24.56329917907715,1.0676499605178833,4.7097699280129746e-05,1.4566400068360963e-06,0.7595099806785583,0.6829090118408203,55.37519836425781,0.06332480162382126,0.9991610050201416,0.9991610050201416,1.7853200435638428,0.0,9.090889943763614e-05,1.0950100204354385e-06,0.8185110092163086,1.7874699831008911,0.00011885399726452306,4.176300080871442e-06,2.6362199783325195,6.92785979481414e-05,3.7193199204921257e-06,1176518663,128,34880
140222572785597410,207427668520000740,4,0.561694514529495,56175.2768641,257.27856723,26.85569344,0.021703800186514854,0.021703800186514854,14.809499740600586,24.200000762939453,1.1412999629974365,9.88274987321347e-05,3.9310098145506345e-06,1.4519599676132202,1.1062400341033936,74.52439880371094,0.16846099495887756,0.9983189702033997,0.9983189702033997,1.2018100023269653,0.0,0.00017108299653045833,2.1688399556296645e-06,0.8786410093307495,2.8209800720214844,0.00018100900342687964,8.775489732215647e-06,3.380229949951172,7.443990034516901e-05,5.701289865100989e-06,35667969,128,7342144
140222572785597410,207428798520000758,4,0.7117597486002,56175.2881693,257.27854464,26.85570239,0.021151699125766754,0.021151699125766754,12.297100067138672,24.194000244140625,1.1849000453948975,0.00010451400157762691,4.051420091855107e-06,1.2809699773788452,1.1236499547958374,75.69229888916016,0.4032619893550873,0.9982560276985168,0.9982560276985168,1.1580300331115723,9.383810116524194e-35,0.00017347199900541455,2.191339945056825e-06,0.8812710046768188,2.821010112762451,0.00019205399439670146,8.692079973116051e-06,3.2498600482940674,7.876480231061578e-05,5.728729775000829e-06,35667969,128,7342144
140222572785597410,196045177360000804,1,0.301527690423213,56061.4520284,257.27852606,26.85569178,0.021201400086283684,0.021201400086283684,11.451299667358398,24.482900619506836,1.0504499673843384,2.4672299332451075e-05,9.583419569025864e-07,1.0859299898147583,1.0120199918746948,-22.62470054626465,-0.30976900458335876,0.9985179901123047,0.9985179901123047,1.2102299928665161,2.3161299338884544e-30,3.630539868026972e-05,7.329459776883596e-07,0.8554580211639404,2.052299976348877,4.267409894964658e-05,1.9664000774355372e-06,2.684760093688965,5.827930181112606e-06,-999.0,35667969,128,40929344
140222572785597410,196046244360001002,1,0.482133152412375,56061.462691,257.27854004,26.85571081,0.02166849933564663,0.02166849933564663,16.17639923095703,24.487600326538086,1.033270001411438,2.6092400730703957e-05,1.0358400004406576e-06,1.2265599966049194,1.1194299459457397,5.506499767303467,-0.31450599431991577,0.9975100159645081,0.9975100159645081,1.1624499559402466,0.0,4.757080023409799e-05,8.299319915749948e-07,0.8785349726676941,2.5653700828552246,5.479460014612414e-05,2.349599981243955e-06,3.2107200622558594,6.001079782436136e-06,1.4718100374011556e-06,35667969,128,7374912
140222572785597410,207529065520001464,5,0.425765118026887,56176.2908424,257.27854907,26.85574424,0.04995590075850487,0.04995590075850487,8.177229881286621,23.25749969482422,1.2087600231170654,7.67465026001446e-05,7.025189916021191e-06,1.410390019416809,1.3471100330352783,-66.47789764404297,1.0299500226974487,0.9967380166053772,0.905879020690918,1.154729962348938,2.9044100663837876e-16,0.00014308499521575868,3.0831899948680075e-06,0.8785349726676941,2.5649800300598145,0.00014470699534285814,1.5164099750109017e-05,2.692620038986206,0.00014879500668030232,1.280109972867649e-05,35667969,0,7342144
140222572785597410,196758155050000752,2,0.583330752871307,56068.5817895,257.27853211,26.85571193,0.012940499931573868,0.012940499931573868,25.325899124145508,24.720699310302734,1.1909199953079224,4.86507015011739e-05,1.1575899634408415e-06,1.2390199899673462,1.0368900299072266,53.46689987182617,0.037035200744867325,0.9997050166130066,0.9997050166130066,1.9208799600601196,0.0,9.577420132700354e-05,1.0965500223392155e-06,0.8839020133018494,2.8117499351501465,0.00010637899686116725,2.6351799533586018e-06,3.6144700050354004,9.687940291769337e-06,1.5579499859086354e-06,102776839,128,7374912
140222572785597410,196759128050000746,2,0.376615994960643,56068.591524,257.27855301,26.8557124,0.013304599560797215,0.013304599560797215,26.648700714111328,24.712499618530273,1.2364699840545654,4.251849895808846e-05,1.0401199688203633e-06,1.0320199728012085,0.868573009967804,48.54410171508789,0.03316989913582802,0.9984670281410217,0.9984670281410217,2.0583200454711914,0.0,7.98976980149746e-05,1.0095200195792131e-06,0.8645449876785278,2.300570011138916,0.00010775899863801897,2.7224800760450307e-06,3.6835999488830566,1.014480039884802e-05,1.6582499711148557e-06,102776839,128,7374912
140222572785597410,198039498720001065,3,0.0610728124725379,56081.3952499,257.27855555,26.8556582,0.01942479982972145,0.01942479982972145,13.960399627685547,24.595399856567383,1.0545099973678589,8.301780326291919e-05,2.9672598884644685e-06,1.883239984512329,1.5152299404144287,50.6869010925293,-0.20487500727176666,0.9985759854316711,0.9985759854316711,1.265120029449463,0.0,0.0001479219936300069,1.3488700005837018e-06,0.9181470274925232,3.8314499855041504,0.0001442560023861006,6.617110102524748e-06,3.860150098800659,8.753190195420757e-05,4.016249931737548e-06,35667969,128,7374912
140222572785597410,198040682720000740,3,0.24951673601709,56081.4070903,257.27851851,26.85573087,0.02226639911532402,0.02226639911532402,13.369000434875488,24.598899841308594,1.0347000360488892,8.020619861781597e-05,3.286179889983032e-06,1.7764099836349487,1.6943000555038452,-50.79029846191406,0.3347660005092621,0.998881995677948,0.998881995677948,1.2508900165557861,0.0,0.00013965100515633821,1.3074300113657955e-06,0.9240900278091431,4.342229843139648,0.00013353499525692314,6.716849838994676e-06,4.083779811859131,8.090840128716081e-05,3.8005900933058e-06,35667969,128,7374912
140222572785597410,189857964720000816,4,0.117833547403881,55999.5798254,257.27855278,26.85568177,0.024338800460100174,0.024338800460100174,11.582099914550781,24.03890037536621,1.1661800146102905,9.013719682116061e-05,4.0352601899940055e-06,1.0494199991226196,0.9978179931640625,-66.04759979248047,-0.0031225900165736675,0.9981160163879395,0.9981160163879395,1.1688200235366821,5.080459782982728e-31,0.00015188399993348867,2.200840071964194e-06,0.8645449876785278,2.2997100353240967,0.0001749179937178269,9.326839972345624e-06,2.763309955596924,0.00011433900363044813,7.368019851128338e-06,35667969,128,7342144
140222572785597410,189859032720001298,4,0.780983939562909,55999.5905057,257.27860385,26.85570497,0.034390099346637726,0.034390099346637726,12.112000465393066,23.818700790405273,1.127769947052002,8.144709863699973e-05,5.152100129635073e-06,1.0377299785614014,0.8976960182189941,-25.060400009155273,-0.03605790063738823,0.9978449940681458,0.9978449940681458,1.095139980316162,9.127319659856545e-34,0.0001544419937999919,2.473339918651618e-06,0.8455110192298889,2.044140100479126,0.00019208599405828863,1.2889599929621909e-05,2.669189929962158,0.00019970900029875338,1.0788299732666928e-05,35667969,0,7342144
140222572785597410,197156001050000642,1,0.592784670733646,56072.5602664,257.27850583,26.85570088,0.02228269912302494,0.02228269912302494,7.254650115966797,24.494800567626953,1.1487599611282349,3.6893299693474546e-05,1.5116399936232483e-06,2.072269916534424,2.0470399856567383,37.7333984375,0.03154170140624046,0.9996190071105957,0.9996190071105957,1.161460041999817,4.0269100987783135e-13,4.992120011593215e-05,8.324960276695492e-07,0.9302409887313843,4.856450080871582,4.65004013676662e-05,2.616890014905948e-06,4.016049861907959,5.378520199883496e-06,1.4755499933016836e-06,35667969,128,24152128
140222572785597410,160439333750000769,2,0.507738369989897,55705.3935673,257.27855383,26.85572157,0.015296700410544872,0.015296700410544872,25.70639991760254,24.67620086669922,1.1360399723052979,3.37903002218809e-05,9.511450116406195e-07,0.833450973033905,0.7375289797782898,49.8754997253418,-0.032518401741981506,0.9983829855918884,0.9983829855918884,2.156330108642578,0.0,6.281479727476835e-05,9.190799801217509e-07,0.8185110092163086,1.7878799438476562,0.00010222099808743224,2.8710799142572796e-06,3.496119976043701,9.455399776925333e-06,1.8035400444205152e-06,102776839,128,57706560
140222572785597410,197157116050001101,1,0.185330477715778,56072.5714197,257.27847097,26.85570507,0.02727070078253746,0.02727070078253746,4.178880214691162,24.46139907836914,1.193269968032837,3.7375499232439324e-05,1.8745499801298138e-06,2.8323700428009033,2.6631898880004883,67.89700317382812,-0.06062009930610657,0.9995499849319458,0.9995499849319458,1.2580699920654297,2.9294900741660967e-05,4.920949868392199e-05,8.26066980152973e-07,0.9493269920349121,6.388850212097168,5.042100019636564e-05,3.4798899832821917e-06,5.231949806213379,5.602520104730502e-06,1.5548099554507644e-06,35667969,0,7374912
140222572785597410,192962789030001639,5,0.586588915052441,56030.6280769,257.27853457,26.85570419,0.05152130126953125,0.05152130126953125,5.041560173034668,23.2362003326416,1.0342299938201904,6.864540046080947e-05,6.50235006105504e-06,0.9074699878692627,0.8144630193710327,-58.390098571777344,0.28009700775146484,0.9976789951324463,0.9976789951324463,1.1341500282287598,4.617519948624249e-07,0.00011457200162112713,2.7868100005434826e-06,0.8703789710998535,2.045109987258911,0.0001242279977304861,1.4546099919243716e-05,2.3356900215148926,0.00018995700520463288,1.407489980920218e-05,35667969,0,7374912
140222572785597410,160440394750000796,2,0.65636618589644,55705.4041801,257.278539,26.85568651,0.014928700402379036,0.014928700402379036,26.18899917602539,24.675800323486328,1.1028200387954712,3.476220081211068e-05,9.549869446345838e-07,0.8151959776878357,0.7247059941291809,37.2848014831543,0.06372839957475662,0.9987000226974487,0.9987000226974487,2.082590103149414,0.0,6.183819641591981e-05,9.098620239456068e-07,0.8185110092163086,1.7878299951553345,0.00010711500362958759,2.9726800221396843e-06,3.614219903945923,9.475849765294697e-06,1.7195400232594693e-06,102776839,128,57706560
140222572785597410,192963556030001311,5,0.946116845073287,56030.635746,257.27855088,26.85568529,0.04793990030884743,0.04793990030884743,5.973060131072998,23.23780059814453,1.0463299751281738,7.615039794472978e-05,6.711879905196838e-06,0.9408239722251892,0.7910069823265076,-59.794700622558594,0.3300879895687103,0.9989780187606812,0.9989780187606812,1.0749599933624268,2.328470083412526e-09,0.00012359100219327956,2.8946199108759174e-06,0.8156690001487732,2.0450899600982666,0.00013769400538876653,1.5624800653313287e-05,2.488379955291748,0.00019419699674472213,1.410630011378089e-05,35667969,0,7374912
140222572785597410,159953908100000581,3,0.892477373492417,55700.5393479,257.27854481,26.85569881,0.017484499141573906,0.017484499141573906,20.387300491333008,24.56410026550293,1.045889973640442,4.7773501137271523e-05,1.5368400454462972e-06,0.876596987247467,0.7795439958572388,-28.945999145507812,-0.072666697204113,0.9993320107460022,0.9993320107460022,1.5579500198364258,0.0,9.384009899804369e-05,1.108100036617543e-06,0.8405370116233826,2.0436201095581055,0.00011940099648199975,4.648300091503188e-06,2.996769905090332,6.610059790546075e-05,3.4163299460487906e-06,102776839,128,57706560
140222572785597410,159955089100000629,3,0.628904198882081,55700.5511632,257.27855599,26.85571356,0.01775510050356388,0.01775510050356388,20.23509979248047,24.562700271606445,1.0690699815750122,4.687959881266579e-05,1.5314300298996386e-06,0.9103050231933594,0.7801730036735535,-35.27980041503906,-0.192780002951622,0.9979450106620789,0.9979450106620789,1.3352400064468384,0.0,8.988830086309463e-05,1.0852800187421963e-06,0.830590009689331,2.043610095977783,0.00010757800191640854,4.383120085549308e-06,2.8024799823760986,6.668439891654998e-05,3.4966999464813853e-06,35667969,128,124815424
140222572785597410,160437033750000703,1,0.928102078780627,55705.3705921,257.27853121,26.85569031,0.022031400352716446,0.022031400352716446,15.866399765014648,24.422000885009766,1.2316700220108032,2.3617500119144097e-05,9.57404040491383e-07,0.9800260066986084,0.7573649883270264,23.936100006103516,0.11558400094509125,0.9986690282821655,0.9986690282821655,1.1839699745178223,0.0,4.1855200834106654e-05,8.095170187516487e-07,0.8405370116233826,2.043459892272949,4.8483900172868744e-05,2.2010799511917867e-06,2.729330062866211,4.736190021503717e-06,1.7484800309830462e-06,35667969,128,7374912
140222572785597410,160438133750000763,1,0.894084061397318,55705.3815914,257.27854819,26.8556904,0.023419199511408806,0.023419199511408806,15.398500442504883,24.43269920349121,1.18149995803833,2.12717004615115e-05,9.166460017695499e-07,1.0072400569915771,0.7858620285987854,30.571699142456055,-0.19950300455093384,0.9986770153045654,0.9986770153045654,1.2547099590301514,0.0,4.0244300180347636e-05,7.874630227888701e-07,0.8455110192298889,2.0434300899505615,4.363260086392984e-05,2.0733600649691653e-06,2.5980799198150635,4.423709924594732e-06,1.738440005283337e-06,35667969,128,24152128
140222572785597410,123656679530000885,2,0.394622691343187,55337.5670288,257.2785362,26.85570465,0.014595399610698223,0.014595399610698223,19.901399612426758,24.71489906311035,1.1295000314712524,5.566990148508921e-05,1.4863400110698421e-06,1.5041899681091309,1.4538999795913696,25.55780029296875,-0.09080459922552109,0.999176025390625,0.999176025390625,1.5323400497436523,0.0,9.88708998193033e-05,1.1146299812025973e-06,0.904075026512146,3.340090036392212,0.00010186000145040452,3.1036699965625303e-06,3.754430055618286,1.2790599612344522e-05,1.8122999563274789e-06,102776839,128,7374912
140222572785597410,123657850530001191,2,0.657534850442349,55337.5787451,257.27852122,26.85571041,0.017234500497579575,0.017234500497579575,14.917499542236328,24.715700149536133,1.1723500490188599,5.24497008882463e-05,1.654030029385467e-06,1.6279699802398682,1.5378899574279785,-0.7812169790267944,0.1989320069551468,0.9829930067062378,0.9829930067062378,1.4230799674987793,0.0,9.023169695865363e-05,1.059960027305351e-06,0.7681879997253418,3.8529000282287598,8.826630073599517e-05,3.0377800612768624e-06,3.6757400035858154,1.3086600120004732e-05,1.8499099496693816e-06,102776839,128,7374912
140222572785597410,124141805240001080,3,0.14948874167119,55342.4183275,257.27856241,26.85569751,0.01889749988913536,0.01889749988913536,18.452600479125977,24.621400833129883,1.05485999584198,5.2288200095063075e-05,1.8081999542118865e-06,1.095139980316162,1.0139399766921997,44.187400817871094,-0.020839499309659004,0.9982960224151611,0.9933180212974548,1.6543300151824951,0.0,9.489699732512236e-05,1.0864299611057504e-06,0.8684750199317932,2.3115499019622803,0.00012712299940176308,4.981849997420795e-06,3.341629981994629,6.735629722243175e-05,3.3495800835225964e-06,102776839,128,57706560
140222572785597410,124143082240000919,3,0.0620086659323505,55342.4310913,257.27853142,26.85571302,0.01789579913020134,0.01789579913020134,18.19849967956543,24.62579917907715,1.0336400270462036,6.712199683533981e-05,2.198210040660342e-06,1.3862899541854858,1.301169991493225,51.22829818725586,0.026059899479150772,0.9987930059432983,0.6857529878616333,1.5639400482177734,0.0,0.00012106399663025513,1.2226299759277026e-06,0.8865320086479187,2.8251099586486816,0.0001385000068694353,5.150180186319631e-06,3.5643599033355713,6.327139999484643e-05,3.285080083514913e-06,102776839,160,34880
140222572785597410,126846556730001319,3,0.356418240216019,55369.4658376,257.2785497,26.85572442,0.01725970022380352,0.01725970022380352,17.170900344848633,24.609500885009766,1.0887099504470825,8.26424002298154e-05,2.6242998956149677e-06,1.7737300395965576,1.6714500188827515,15.744199752807617,0.22320100665092468,0.9992449879646301,0.9992449879646301,1.281690001487732,0.0,0.00014925400319043547,1.348539967693796e-06,0.9176279902458191,4.087349891662598,0.0001453989971196279,5.5944301493582316e-06,4.217939853668213,4.046320100314915e-05,2.7297999167785747e-06,102776839,128,7374912
140222572785597410,126847715730000768,3,0.238351616299107,55369.4774137,257.27853159,26.85570646,0.016903899610042572,0.016903899610042572,15.474300384521484,24.611000061035156,1.122130036354065,7.619830284966156e-05,2.3696700282016536e-06,1.5674099922180176,1.4327600002288818,19.4197998046875,0.22673299908638,0.9991139769554138,0.9991139769554138,1.2312999963760376,0.0,0.00013209499593358487,1.273039970328682e-06,0.902961015701294,3.5766100883483887,0.0001321580057265237,5.0648800424824e-06,3.7962000370025635,4.146779974689707e-05,2.7841899736813502e-06,102776839,128,7374912
140222572785597410,132827425740000704,4,0.242507148759912,55429.2744368,257.27854096,26.85570278,0.021459199488162994,0.021459199488162994,10.3371000289917,24.27560043334961,1.0341099500656128,0.00010882499918807298,4.294869995646877e-06,1.48757004737854,1.4103000164031982,-16.377099990844727,0.27924400568008423,0.9987450242042542,0.9987450242042542,1.1977499723434448,4.7888397827501095e-25,0.00017816500621847808,2.114119979523821e-06,0.9110810160636902,3.577820062637329,0.0001684099988779053,8.556799912184943e-06,3.465179920196533,7.249280315591022e-05,5.489659997692797e-06,35667969,128,24152128
140222572785597410,132828528740000719,4,0.820664869454377,55429.2854667,257.27856711,26.85571987,0.023961499333381653,0.023961499333381653,11.493800163269043,24.27429962158203,1.0521999597549438,0.00011552600335562602,5.091099865239812e-06,1.7326099872589111,1.7075300216674805,58.95539855957031,0.2975209951400757,0.9986180067062378,0.9986180067062378,1.1105200052261353,1.4174299901706755e-30,0.00018914999964181334,2.1711900899390457e-06,0.9226009845733643,4.088840007781982,0.00018116099818143994,1.0377099897596054e-05,4.056690216064453,7.853339775465429e-05,5.861670160811627e-06,35667969,128,24152128
140222572785597410,123238141240000927,1,0.739155450592894,55333.3816713,257.27856043,26.85571406,0.0204927995800972,0.0204927995800972,12.505999565124512,24.44879913330078,1.2706199884414673,2.849950033123605e-05,1.0685599818316405e-06,1.5376700162887573,1.4674500226974487,6.517970085144043,-0.35990598797798157,0.9994140267372131,0.0,1.4662400484085083,6.923689707471009e-36,4.4631800847128034e-05,8.16976012174564e-07,0.8996679782867432,3.0826098918914795,4.205430013826117e-05,1.9001299733645283e-06,3.046760082244873,6.311459856078727e-06,1.4659200360256364e-06,35667969,160,34880
140222572785597410,123239335240000853,1,0.74300597956684,55333.3936085,257.27855993,26.85568447,0.020337499678134918,0.020337499678134918,12.109700202941895,24.458200454711914,1.2097500562667847,3.0250999770942144e-05,1.1255799563514302e-06,1.61135995388031,1.5306199789047241,4.64162015914917,-0.22841699421405792,0.9988070130348206,0.0,1.3830499649047852,9.386599734514363e-34,4.8811798478709534e-05,8.489059837302193e-07,0.904075026512146,3.3396499156951904,4.574689955916256e-05,2.09823997465719e-06,3.3985700607299805,6.3637598941568285e-06,1.4575399518435006e-06,35667969,160,34880
140222572785597410,123252607530000614,1,0.0550716436049637,55333.5263256,257.27857154,26.8557069,0.022000599652528763,0.022000599652528763,13.268199920654297,24.48040008544922,1.0214099884033203,3.17090998578351e-05,1.2761299785779556e-06,1.4722800254821777,1.4251899719238281,32.29999923706055,-0.04893219843506813,0.9988579750061035,0.9988579750061035,1.1567399501800537,0.0,5.407210119301453e-05,8.851620236782765e-07,0.9021919965744019,3.3401501178741455,5.435589991975576e-05,2.5826700493780663e-06,3.5761499404907227,6.7118098741048016e-06,1.5861800193306408e-06,35667969,128,7374912
140222572785597410,123253864530001279,1,0.88852393709917,55333.5389015,257.27852576,26.85572309,0.022747699171304703,0.022747699171304703,14.113800048828125,24.47879981994629,1.0374300479888916,3.033820030395873e-05,1.2624100236280356e-06,1.5489200353622437,1.4821300506591797,60.9379997253418,-0.23780900239944458,0.9992920160293579,0.9992920160293579,1.3163299560546875,0.0,5.839849836775102e-05,9.165170240521547e-07,0.9127050042152405,3.5971100330352783,6.124129868112504e-05,2.789490054055932e-06,3.8512001037597656,6.590630164282629e-06,1.6402000255766325e-06,35667969,128,7374912
140222572785597410,130542070740001119,5,0.52890533537502,55406.4208804,257.27851926,26.8557111,0.05663270130753517,0.05663270130753517,3.0993099212646484,23.325300216674805,1.3313100337982178,0.00010327700147172436,1.075549971574219e-05,1.2757699489593506,1.1603599786758423,31.454999923706055,0.8089960217475891,0.9673839807510376,0.9673839807510376,1.0568499565124512,0.0019397200085222721,0.00015060299483593553,3.0583100851799827e-06,0.7073550224304199,3.0670299530029297,0.00012593300198204815,1.525249990663724e-05,2.3547000885009766,0.0002463340060785413,1.5228200027195271e-05,35667969,0,7374912
140222572785597410,130543200720001330,5,0.345294838161482,55406.4321809,257.27855217,26.85569382,0.05047519877552986,0.05047519877552986,4.0814900398254395,23.32990074157715,1.4128799438476562,0.0001013369983411394,9.408039659319911e-06,1.2999399900436401,1.09443998336792,14.511799812316895,0.17886699736118317,0.9980390071868896,0.9980390071868896,1.0964499711990356,4.474720117286779e-05,0.00015889600035734475,3.116200105068856e-06,0.8865320086479187,2.810839891433716,0.00015768500452395529,1.8982300389325246e-05,2.7812600135803223,0.0002611860109027475,1.537689968245104e-05,35667969,0,7374912
140222572785597410,232755583640000802,2,0.318858297838698,56428.5560724,257.27854527,26.85570307,0.015242200344800949,0.015242200344800949,21.813499450683594,24.69700050354004,1.0650700330734253,5.055819929111749e-05,1.4125099596640212e-06,1.4201699495315552,1.2278000116348267,-68.86309814453125,-0.16343699395656586,0.9989230036735535,0.9989230036735535,1.5528500080108643,0.0,9.641939686844125e-05,1.1089899771832279e-06,0.8974570035934448,3.076970100402832,0.00010381999891251326,3.1861200113780797e-06,3.6492300033569336,1.3089899766782764e-05,1.8845900058295229e-06,102776839,128,7374912
140222572785597410,283020957430000959,5,0.806901621452441,56931.2100352,257.27856182,26.8556877,0.040408000349998474,0.040408000349998474,6.009439945220947,23.204700469970703,1.1504499912261963,0.00011071899643866345,8.17438012745697e-06,1.36981999874115,1.2573000192642212,-32.98720169067383,0.6965839862823486,0.9983890056610107,0.9983890056610107,1.2019200325012207,1.861599985275575e-09,0.0001679800043348223,2.0995200884499354e-06,0.8996679782867432,3.0868399143218994,0.00016592199972365052,1.7328600733890198e-05,3.3811299800872803,0.0003417220141272992,1.1813000128313433e-05,35667969,0,24152128
140222572785597410,233453075650001300,3,0.553783190952412,56435.5310199,257.27842935,26.85560735,0.03780750185251236,0.03780750185251236,2.381089925765991,24.558799743652344,1.0530799627304077,2.1927700800006278e-05,1.5197699667623965e-06,0.7587379813194275,0.7350199818611145,61.942901611328125,-0.1768520027399063,0.6507059931755066,0.6507059931755066,1.2717700004577637,0.017261700704693794,2.5128299967036583e-05,5.737940114158846e-07,0.44173601269721985,1.7946900129318237,-999.0,-999.0,-999.0,8.075009827734903e-05,3.770240027733962e-06,35651585,128,32768
140222572785597410,225362655130000862,4,0.257918559255003,56354.6267313,257.27855384,26.85569586,0.017940599471330643,0.017940599471330643,16.472700119018555,24.29520034790039,1.1024800539016724,9.128300007432699e-05,3.001589902851265e-06,1.1542600393295288,1.1211600303649902,64.52159881591797,-0.024972500279545784,0.9984999895095825,0.9984999895095825,1.3857300281524658,0.0,0.00015831200289539993,1.9921399143640883e-06,0.8753520250320435,2.5643200874328613,0.00017232399841304868,6.555379968631314e-06,2.97367000579834,5.599209907813929e-05,4.926149813400116e-06,102776839,128,7374912
140222572785597410,225363725130000822,4,0.795721420827994,56354.6374317,257.2785527,26.85569962,0.018197499215602875,0.018197499215602875,16.946800231933594,24.297199249267578,1.0748300552368164,9.099500312004238e-05,3.0348298878379865e-06,1.184730052947998,1.1659599542617798,88.7853012084961,-0.040275800973176956,0.997983992099762,0.997983992099762,1.4111000299453735,0.0,0.00016020100156310946,2.006149998123874e-06,0.872169017791748,2.5644400119781494,0.0001779970043571666,6.6197198975714855e-06,3.0488901138305664,5.5012198572512716e-05,4.779150003741961e-06,102776839,128,7374912
140222572785597410,232057415640000730,1,0.159447473622344,56421.5744068,257.27853263,26.85567235,0.021827200427651405,0.021827200427651405,16.57539939880371,24.44420051574707,1.0633900165557861,2.977840085804928e-05,1.1914199831153383e-06,1.287410020828247,1.218690037727356,80.99629974365234,-0.09630999714136124,0.9981279969215393,0.9981279969215393,1.2203600406646729,0.0,5.5481999879702926e-05,9.149919719675381e-07,0.8865320086479187,2.8204898834228516,6.22809020569548e-05,2.613320020827814e-06,3.40093994140625,5.035089998273179e-06,1.692170030764828e-06,35667969,128,7374912
140222572785597410,225563952150001811,5,0.930655961791664,56356.6397089,257.27858064,26.8557213,0.049008000642061234,0.049008000642061234,7.086929798126221,23.362600326538086,1.058150053024292,7.201320113381371e-05,6.465650130849099e-06,1.1825400590896606,0.9408130049705505,-66.14029693603516,0.06791950017213821,0.9980660080909729,0.9980660080909729,1.1126600503921509,1.371250010241687e-12,0.00013421000039670616,2.8120700790168485e-06,0.8785349726676941,2.565459966659546,0.0001249290071427822,1.4037599612493068e-05,2.548069953918457,0.00016357999993488193,1.240090023202356e-05,35667969,0,7374912
140222572785597410,225565035150001723,5,0.796131495196495,56356.6505337,257.27858358,26.85573298,0.04129510000348091,0.04129510000348091,10.470100402832031,23.35140037536621,1.0389900207519531,7.649049803148955e-05,5.78735989620327e-06,0.9268820285797119,0.8496289849281311,-79.56379699707031,0.1405079960823059,0.9990590214729309,0.9990590214729309,1.1681300401687622,1.1854500017429451e-25,0.00014196199481375515,2.9398199785646284e-06,0.8405370116233826,2.0521700382232666,0.00017988900071941316,1.428520045010373e-05,2.587369918823242,0.00016349299403373152,1.2503500329330564e-05,35667969,0,7374912
140222572785597410,231455942270000786,2,0.178677835668137,56415.5596564,257.27856413,26.85571525,0.017601100727915764,0.017601100727915764,18.50979995727539,24.692699432373047,1.0174100399017334,4.064830136485398e-05,1.314219957748719e-06,1.1370999813079834,1.061210036277771,56.72959899902344,-0.04383400082588196,0.9970099925994873,0.9869089722633362,1.4166300296783447,0.0,7.69336984376423e-05,9.986609939005575e-07,0.8817179799079895,2.5586600303649902,8.067490125540644e-05,2.9772600100841373e-06,3.0427000522613525,1.8164799257647246e-05,2.1123501028341707e-06,102776839,128,74483776
140222572785597410,231456961270000905,2,0.694219888834488,56415.5698525,257.2785339,26.85571344,0.017200900241732597,0.017200900241732597,13.882499694824219,24.691299438476562,1.02839994430542,4.444579826667905e-05,1.4043899909665924e-06,1.2704700231552124,1.0671299695968628,70.02420043945312,0.026381099596619606,0.9970639944076538,0.8856369853019714,1.371899962425232,0.0,7.149900193326175e-05,9.666680398368044e-07,0.8689860105514526,2.558540105819702,7.843969797249883e-05,2.9271200219227467e-06,2.9826500415802,1.8219099729321897e-05,2.1475000266946154e-06,102776839,128,74483776
140222572785597410,230746819300000911,3,0.209815358007155,56408.4684555,257.27855651,26.85571617,0.023965099826455116,0.023965099826455116,11.46560001373291,24.536800384521484,1.1366699934005737,6.809939804952592e-05,2.9991699648235226e-06,1.2348400354385376,1.1783900260925293,49.831199645996094,0.24089199304580688,0.9990350008010864,0.9990350008010864,1.2094700336456299,1.9644099870602736e-30,0.00012078099825885147,1.2700900242634816e-06,0.8839020133018494,2.8132801055908203,0.00012697800411842763,6.82420022712904e-06,3.1389200687408447,0.0001410569966537878,4.844619979849085e-06,35667969,128,7374912
140222572785597410,230748046300000938,3,0.886686710535257,56408.4807345,257.27854803,26.85570526,0.022493699565529823,0.022493699565529823,12.435600280761719,24.54129981994629,1.098680019378662,7.173400081228465e-05,2.965299927382148e-06,1.238319993019104,1.2044099569320679,49.960601806640625,0.14186899363994598,0.9980790019035339,0.9980790019035339,1.148859977722168,1.673860046724337e-35,0.00012722700193990022,1.3004699894736405e-06,0.8839020133018494,2.8132500648498535,0.00013611899339593947,6.8669000938825775e-06,3.193380117416382,0.0001381250040140003,4.777270078193396e-06,35667969,128,7374912
140222572785597410,244323302270000821,4,0.872373095594694,56544.2333789,257.27857745,26.85571121,0.013451600447297096,0.013451600447297096,19.178600311279297,24.273700714111328,1.0528700351715088,8.258129673777148e-05,2.04069010578678e-06,1.0198099613189697,0.9548360109329224,-46.23080062866211,0.19684700667858124,0.9962660074234009,0.9962660074234009,1.8023099899291992,0.0,0.00014325999654829502,1.363260025755153e-06,0.8684750199317932,2.3025999069213867,0.0001696620020084083,5.20487992616836e-06,3.218780040740967,6.385229789884761e-05,3.854820079141064e-06,102776839,128,7374912
140222572785597410,232056248270000726,1,0.870280653117486,56421.5627441,257.27854928,26.85569894,0.02192169986665249,0.02192169986665249,8.344120025634766,24.45829963684082,1.0417300462722778,2.5112600269494578e-05,1.011229983305384e-06,1.0744099617004395,0.9441310167312622,88.40509796142578,-0.17044000327587128,0.9982730150222778,0.9901779890060425,1.132699966430664,7.174320094151661e-17,3.601879870984703e-05,7.347899781962042e-07,0.8606160283088684,2.302809953689575,3.467249916866422e-05,1.8272600073032663e-06,2.3345398902893066,4.84452993987361e-06,1.6155699995579198e-06,35667969,128,108038208
140222572785597410,232657973270000835,1,0.755886989418312,56427.5799898,257.27853426,26.85572634,0.025412699207663536,0.025412699207663536,10.593799591064453,24.465099334716797,1.1207599639892578,2.5508799808449112e-05,1.1907400221389253e-06,1.3205599784851074,1.1648999452590942,80.28040313720703,0.05602569878101349,0.9994570016860962,0.9994570016860962,1.0656800270080566,3.1855198673419716e-26,4.181240001344122e-05,7.840209832465916e-07,0.8996679782867432,3.070460081100464,4.11631990573369e-05,2.405749910394661e-06,3.0467898845672607,5.558119937632e-06,1.6457299807370873e-06,35667969,128,7374912
140222572785597410,126333700640000770,2,0.247807395875275,55364.3372356,257.27854289,26.85570379,0.01643729954957962,0.01643729954957962,22.515399932861328,24.59630012512207,1.1049699783325195,3.9026199374347925e-05,1.1769100183300907e-06,0.9649689793586731,0.8694750070571899,-64.81749725341797,-0.04267920181155205,0.9976199865341187,0.9976199865341187,1.952589988708496,0.0,7.110279693733901e-05,1.0126799452336854e-06,0.8405370116233826,2.049420118331909,0.00010372800170443952,3.187549964422942e-06,3.3656399250030518,1.4495600225927774e-05,2.114529934260645e-06,102776839,128,7342144
140222572785597410,126334876640000812,2,0.690249680252978,55364.3489981,257.27855419,26.85570283,0.018295299261808395,0.018295299261808395,22.478599548339844,24.45050048828125,1.0744099617004395,3.6939098208677024e-05,1.2399400475260336e-06,0.9524250030517578,0.7590109705924988,-59.11439895629883,-0.24139699339866638,0.9973469972610474,0.9973469972610474,1.7750300168991089,0.0,7.511050353059545e-05,1.1046099643863272e-06,0.830590009689331,2.049340009689331,9.62507983786054e-05,3.4518400298111374e-06,3.0698299407958984,1.8460599676473066e-05,2.4624800971650984e-06,102776839,128,7342144
140222572785597410,126846624120000767,3,0.406324652402033,55369.4665153,257.27858541,26.8557073,0.015705199912190437,0.015705199912190437,18.710500717163086,24.642799377441406,1.0904899835586548,8.346670074388385e-05,2.405379973424715e-06,1.7654399871826172,1.6641900539398193,-4.748499870300293,0.08177109807729721,0.9989200234413147,0.9989200234413147,1.3089499473571777,0.0,0.00015334199997596443,1.3433699450615677e-06,0.9226009845733643,4.098169803619385,0.00015567199443466961,5.522029823623598e-06,4.4470601081848145,3.907419886672869e-05,2.6601599074638216e-06,102776839,128,7374912
140222572785597410,126847781120000924,3,0.690890663015554,55369.4780809,257.27854412,26.85568594,0.01619339920580387,0.01619339920580387,18.217500686645508,24.644500732421875,1.1242400407791138,7.21121032256633e-05,2.1429400476336014e-06,1.4799799919128418,1.361649990081787,22.548900604248047,0.2255769968032837,0.9987800121307373,0.9987800121307373,1.4015799760818481,0.0,0.00013037599273957312,1.2516300103015965e-06,0.9003080129623413,3.3294899463653564,0.00013992800086271018,4.859360160480719e-06,3.832390069961548,4.127650026930496e-05,2.695949888220639e-06,102776839,128,7374912
140222572785597410,126034186640000670,1,0.512957411364613,55361.3421223,257.2785374,26.85569594,0.022337300702929497,0.022337300702929497,14.339300155639648,24.452800750732422,1.1148799657821655,2.9251099476823583e-05,1.1987300467808382e-06,1.415969967842102,1.312690019607544,55.874000549316406,-0.18648500740528107,0.9992280006408691,0.9992280006408691,1.2773000001907349,0.0,5.3674099035561085e-05,8.948990171120386e-07,0.8974570035934448,3.0741899013519287,5.659729868057184e-05,2.597090087874676e-06,3.5351099967956543,4.616199930751463e-06,1.653889967201394e-06,35667969,128,7374912
140222572785597410,126035295640000724,1,0.278575348927244,55361.3532079,257.27855109,26.85567807,0.02419699914753437,0.02419699914753437,8.375269889831543,24.457300186157227,1.0840699672698975,2.7769799999077804e-05,1.2327600416028872e-06,1.3996200561523438,1.351539969444275,46.3849983215332,-0.08316630125045776,0.9992769956588745,0.9992769956588745,1.2633800506591797,5.5095701422964294e-17,4.323370012571104e-05,8.021889925657888e-07,0.8996679782867432,3.0742199420928955,4.177810114924796e-05,2.4256999040517258e-06,3.2888998985290527,4.979559889761731e-06,1.7088000276999082e-06,35667969,128,7374912
140222572785597410,196758215600000440,2,0.757035895955782,56068.5823908,257.27853872,26.85569926,0.014481199905276299,0.014481199905276299,16.266799926757812,24.715700149536133,1.1935399770736694,5.200710074859671e-05,1.3863400454283692e-06,1.6028000116348267,1.50177001953125,-68.32990264892578,-0.36063599586486816,0.9988710284233093,0.8788380026817322,1.5060100555419922,0.0,9.284410043619573e-05,1.0729399946285412e-06,0.9143289923667908,3.5745599269866943,8.801420335657895e-05,2.7955400128121255e-06,3.6132500171661377,9.615329872758593e-06,1.7095400153266382e-06,102776839,128,74483776
140222572785597410,196759189600000490,2,0.857020984270629,56068.5921325,257.2785494,26.85570913,0.014120000414550304,0.014120000414550304,19.048099517822266,24.711000442504883,1.2395800352096558,4.744860052596778e-05,1.2331599918979919e-06,1.4398800134658813,1.256500005722046,-60.535400390625,-0.4685479998588562,0.9992190003395081,0.940962016582489,1.669119954109192,0.0,8.807749691186473e-05,1.0517800319576054e-06,0.8996679782867432,3.064199924468994,8.947889728005975e-05,2.630860080898856e-06,3.3127899169921875,9.938499715644866e-06,1.8010199482887401e-06,102776839,128,7374912
140222572785597410,197156846600000450,1,0.262649497261876,56072.5687187,257.27858956,26.85568052,0.03049590066075325,0.03049590066075325,10.708600044250488,24.451000213623047,1.1817100048065186,3.607940016081557e-05,2.0250199668225832e-06,2.922260046005249,2.8377699851989746,-51.3932991027832,-0.17785100638866425,0.9994980096817017,0.9994980096817017,1.1928900480270386,9.275479679255122e-27,6.277490319916978e-05,9.36837977860705e-07,0.9525750279426575,6.639619827270508,5.7963501603808254e-05,4.014610112790251e-06,5.338789939880371,5.45289003639482e-06,1.7530900322526577e-06,35667969,0,7374912
